sensor_id,date,datetime_utc,datetime_local,value_avg,parameter,units,min,max,q25,median,q75,std,expected_count,observed_count,percent_complete,location_id,location_name,latitude,longitude,aqi,aqi_after_12h,actual_lag_hours,hour,day_of_week,month,year
8606,2017-02-25,2017-02-25 12:00:00+00:00,2017-02-25 12:00:00+00:00,,o3,µg/m³,66.33,66.33,66.33,66.33,66.33,,1,1,100.0,3455.0,NET-FR068A,727.0,1.443889,500.0,500.0,12.0,12,5,2,2017
8606,2017-02-25,2017-02-25 13:00:00+00:00,2017-02-25 13:00:00+00:00,88.2,o3,µg/m³,88180.0,0.08818000000000001,88.18,88.18,88.18,0.0,un,1,100.0,3455.0,NET-FR068A,43.587219999999995,1.443889,500.0,500.0,12.0,13,5,2,2017
8606,2017-02-25,2017-02-25 14:00:00+00:00,2017-02-25 14:00:00+00:00,93.3,o3,kg,93.28,93.28,,93.28,93.28,0.0,1,1,100.0,3455.0,NET-FR068A,43.587219999999995,727.0,500.0,500.0,12.0,14,5,2,2017
8606,2017-02-25,2017-02-25 15:00:00+00:00,2017-02-25 15:00:00+00:00,0.0985,o3,µg/m³,98.48,98.48,,98.48,98.48,0.0,un,1,100.0,3455.0,NET-FR068A,999.0,1.443889,500.0,500.0,12.0,15,5,2,2017
8606,2017-02-25,2017-02-25 16:00:00+00:00,2017-02-25 16:00:00+00:00,103000.0,o3,cm,103.43,103.43,103.43,103.43,,,un,1,100.0,3455.0,NET-FR068A,727.0,999.0,500.0,500.0,12.0,16,5,2,2017
8606,2017-02-25,2017-02-25 17:00:00+00:00,2017-02-25 17:00:00+00:00,103.0,o3,unknown,,,103.35,,103.35,0.0,1,1,100.0,3455.0,NET-FR068A,-727.0,1.443889,500.0,500.0,12.0,17,5,2,2017
8606,2017-02-25,2017-02-25 18:00:00+00:00,2017-02-25 18:00:00+00:00,97.3,o3,µg/m³,97250.0,97250.0,97.25,97250.0,,0.0,1,1,100.0,,NET-FR068A,43.587219999999995,1.443889,500.0,500.0,12.0,18,5,2,2017
8606,2017-02-25,2017-02-25 19:00:00+00:00,2017-02-25 19:00:00+00:00,84.6,o3,µg/m³,84.6,84.6,84.6,84.6,84.6,0.0,1,1,100.0,3455.0,NET-FR068A,43.587219999999995,1.443889,500.0,500.0,12.0,19,5,2,2017
8606,2017-02-25,2017-02-25 20:00:00+00:00,2017-02-25 20:00:00+00:00,42.9,o3,unknown,42.93,,,42.93,42.93,0.0,mot,1,100.0,3455.0,NET-FR068A,-999.0,1.443889,500.0,500.0,12.0,20,5,2,2017
8606,2017-02-25,2017-02-25 21:00:00+00:00,2017-02-25 21:00:00+00:00,8.88,o3,µg/m³,8880.0,,0.00888,8.88,8880.0,0.0,1,1,100.0,3455.0,NET-FR068A,43.587219999999995,1.443889,500.0,500.0,12.0,21,5,2,2017
8606,2017-02-25,2017-02-25 22:00:00+00:00,2017-02-25 22:00:00+00:00,8.33,o3,µg/m³,8.33,8.33,,8.33,8.33,,1,1,100.0,,NET-FR068A,43.587219999999995,1.443889,500.0,500.0,12.0,22,5,2,2017
8606,2017-02-25,2017-02-25 23:00:00+00:00,2017-02-25 23:00:00+00:00,,o3,µg/m³,9.13,9130.0,,9.13,9.13,0.0,mot,1,100.0,3455.0,NET-FR068A,43.587219999999995,-727.0,500.0,500.0,12.0,23,5,2,2017
8606,2017-02-26,2017-02-26 00:00:00+00:00,2017-02-26 00:00:00+00:00,,o3,µg/m³,,6.68,6.68,6.68,6.68,0.0,1,1,100.0,,NET-FR068A,999.0,1.443889,500.0,500.0,12.0,0,6,2,2017
8606,2017-02-26,2017-02-26 01:00:00+00:00,2017-02-26 01:00:00+00:00,6.6,o3,µg/m³,6.6,6.6,,6.6,6.6,0.0,1,1,100.0,3455.0,NET-FR068A,43.587219999999995,1.443889,500.0,500.0,12.0,1,6,2,2017
8606,2017-02-26,2017-02-26 02:00:00+00:00,2017-02-26 02:00:00+00:00,10.4,o3,µg/m³,10.38,10.38,10.38,10.38,10.38,0.0,1,1,100.0,3455.0,NET-FR068A,43.587219999999995,1.443889,500.0,500.0,12.0,2,6,2,2017
8606,2017-02-26,2017-02-26 03:00:00+00:00,2017-02-26 03:00:00+00:00,8.53,o3,cm,,0.00853,,8.53,,0.0,1,1,100.0,,NET-FR068A,-727.0,-727.0,500.0,500.0,12.0,3,6,2,2017
8606,2017-02-26,2017-02-26 04:00:00+00:00,2017-02-26 04:00:00+00:00,13.9,o3,µg/m³,13.9,,13.9,13.9,13.9,0.0,1,1,100.0,3455.0,NET-FR068A,43.587219999999995,1.443889,500.0,500.0,12.0,4,6,2,2017
8606,2017-02-26,2017-02-26 05:00:00+00:00,2017-02-26 05:00:00+00:00,7.35,o3,µg/m³,7.35,7.35,,7.35,7.35,,1,1,100.0,3455.0,NET-FR068A,43.587219999999995,-999.0,500.0,500.0,12.0,5,6,2,2017
8606,2017-02-26,2017-02-26 06:00:00+00:00,2017-02-26 06:00:00+00:00,10.9,o3,µg/m³,,,,10.9,10.9,0.0,1,1,100.0,3455.0,NET-FR068A,43.587219999999995,1.443889,500.0,500.0,12.0,6,6,2,2017
8606,2017-02-26,2017-02-26 07:00:00+00:00,2017-02-26 07:00:00+00:00,8330.0,o3,µg/m³,8.33,8.33,8.33,8.33,0.00833,,1,1,100.0,3455.0,NET-FR068A,43.587219999999995,1.443889,500.0,500.0,12.0,7,6,2,2017
8606,2017-02-26,2017-02-26 08:00:00+00:00,2017-02-26 08:00:00+00:00,5.18,o3,µg/m³,0.00518,5.18,5.18,5.18,5.18,0.0,mot,1,100.0,3455.0,NET-FR068A,-727.0,1.443889,500.0,500.0,12.0,8,6,2,2017
8606,2017-02-26,2017-02-26 09:00:00+00:00,2017-02-26 09:00:00+00:00,15.2,o3,cm,,0.01523,15.23,15.23,,0.0,1,1,100.0,3455.0,NET-FR068A,43.587219999999995,999.0,500.0,500.0,12.0,9,6,2,2017
8606,2017-02-26,2017-02-26 10:00:00+00:00,2017-02-26 10:00:00+00:00,30.9,o3,µg/m³,30.93,30.93,30.93,30.93,30.93,0.0,1,1,100.0,3455.0,NET-FR068A,43.587219999999995,1.443889,500.0,500.0,12.0,10,6,2,2017
8606,2017-02-26,2017-02-26 11:00:00+00:00,2017-02-26 11:00:00+00:00,39.0,o3,cm,38.95,,38.95,38950.0,38950.0,0.0,1,un,100.0,3455.0,NET-FR068A,43.587219999999995,1.443889,500.0,500.0,12.0,11,6,2,2017
8606,2017-02-26,2017-02-26 12:00:00+00:00,2017-02-26 12:00:00+00:00,59.5,o3,µg/m³,59.5,,59.5,59500.0,59.5,0.0,1,1,100.0,3455.0,NET-FR068A,43.587219999999995,1.443889,500.0,500.0,12.0,12,6,2,2017
8606,2017-02-26,2017-02-26 13:00:00+00:00,2017-02-26 13:00:00+00:00,,o3,µg/m³,85.05,85.05,85.05,85.05,85.05,0.0,1,1,100.0,3455.0,NET-FR068A,43.587219999999995,1.443889,500.0,500.0,12.0,13,6,2,2017
8606,2017-02-26,2017-02-26 14:00:00+00:00,2017-02-26 14:00:00+00:00,83.5,o3,µg/m³,0.08353000000000001,83.53,83.53,83.53,83.53,0.0,un,1,100.0,3455.0,NET-FR068A,43.587219999999995,1.443889,500.0,500.0,12.0,14,6,2,2017
8606,2017-02-26,2017-02-26 15:00:00+00:00,2017-02-26 15:00:00+00:00,86.7,o3,µg/m³,,86.68,86.68,86.68,,0.0,1,1,100.0,,NET-FR068A,43.587219999999995,1.443889,500.0,500.0,12.0,15,6,2,2017
8606,2017-02-26,2017-02-26 16:00:00+00:00,2017-02-26 16:00:00+00:00,88.0,o3,unknown,0.088,88.0,,88.0,88.0,,1,1,100.0,3455.0,NET-FR068A,-727.0,1.443889,500.0,500.0,12.0,16,6,2,2017
8606,2017-02-26,2017-02-26 17:00:00+00:00,2017-02-26 17:00:00+00:00,87.4,o3,µg/m³,87.35,87.35,0.08735,87.35,87.35,0.0,un,1,100.0,3455.0,NET-FR068A,43.587219999999995,-727.0,500.0,500.0,12.0,17,6,2,2017
8606,2017-02-26,2017-02-26 18:00:00+00:00,2017-02-26 18:00:00+00:00,,o3,µg/m³,,,83.28,83.28,83.28,0.0,1,1,100.0,3455.0,NET-FR068A,43.587219999999995,-999.0,500.0,500.0,12.0,18,6,2,2017
8606,2017-02-26,2017-02-26 19:00:00+00:00,2017-02-26 19:00:00+00:00,75700.0,o3,µg/m³,75.73,,75730.0,75.73,75.73,0.0,1,1,100.0,3455.0,NET-FR068A,-727.0,1.443889,500.0,500.0,12.0,19,6,2,2017
8606,2017-02-26,2017-02-26 20:00:00+00:00,2017-02-26 20:00:00+00:00,,o3,µg/m³,44.18,44180.0,44180.0,44.18,,0.0,1,1,100.0,3455.0,NET-FR068A,43.587219999999995,1.443889,500.0,500.0,12.0,20,6,2,2017
8606,2017-02-26,2017-02-26 21:00:00+00:00,2017-02-26 21:00:00+00:00,7.03,o3,µg/m³,,7.03,,7.03,7030.0,0.0,1,1,100.0,,NET-FR068A,43.587219999999995,1.443889,500.0,500.0,12.0,21,6,2,2017
8606,2017-02-26,2017-02-26 22:00:00+00:00,2017-02-26 22:00:00+00:00,5.98,o3,µg/m³,5.98,5.98,5.98,5.98,5.98,0.0,1,1,100.0,3455.0,NET-FR068A,43.587219999999995,727.0,500.0,500.0,12.0,22,6,2,2017
8606,2017-02-26,2017-02-26 23:00:00+00:00,2017-02-26 23:00:00+00:00,3.65,o3,kg,3.65,3.65,3.65,3.65,3.65,,1,1,100.0,,NET-FR068A,43.587219999999995,1.443889,500.0,500.0,12.0,23,6,2,2017
8606,2017-02-27,2017-02-27 00:00:00+00:00,2017-02-27 00:00:00+00:00,3.9,o3,µg/m³,3.9,3.9,3.9,3.9,3.9,0.0,1,1,100.0,3455.0,NET-FR068A,43.587219999999995,1.443889,500.0,500.0,12.0,0,0,2,2017
8606,2017-02-27,2017-02-27 01:00:00+00:00,2017-02-27 01:00:00+00:00,,o3,µg/m³,,3.43,3.43,3.43,3.43,0.0,1,1,100.0,3455.0,NET-FR068A,999.0,1.443889,500.0,500.0,12.0,1,0,2,2017
8606,2017-02-27,2017-02-27 02:00:00+00:00,2017-02-27 02:00:00+00:00,4.2,o3,kg,4.2,4.2,4.2,4.2,4.2,0.0,1,1,100.0,3455.0,NET-FR068A,-727.0,1.443889,500.0,500.0,12.0,2,0,2,2017
8606,2017-02-27,2017-02-27 03:00:00+00:00,2017-02-27 03:00:00+00:00,,o3,µg/m³,,,7.2,7.2,7.2,,1,1,100.0,3455.0,NET-FR068A,43.587219999999995,1.443889,500.0,500.0,12.0,3,0,2,2017
8606,2017-02-27,2017-02-27 04:00:00+00:00,2017-02-27 04:00:00+00:00,,o3,µg/m³,2.95,2.95,,2.95,2.95,0.0,1,1,100.0,3455.0,NET-FR068A,43.587219999999995,1.443889,500.0,500.0,12.0,4,0,2,2017
8606,2017-02-27,2017-02-27 05:00:00+00:00,2017-02-27 05:00:00+00:00,4.75,o3,µg/m³,4.75,4.75,,4.75,0.00475,0.0,un,1,100.0,3455.0,NET-FR068A,43.587219999999995,1.443889,500.0,500.0,12.0,5,0,2,2017
8606,2017-02-27,2017-02-27 06:00:00+00:00,2017-02-27 06:00:00+00:00,3.55,o3,µg/m³,3.55,,3550.0,3.55,3.55,0.0,1,1,100.0,,NET-FR068A,727.0,1.443889,500.0,500.0,12.0,6,0,2,2017
8606,2017-02-27,2017-02-27 07:00:00+00:00,2017-02-27 07:00:00+00:00,2850.0,o3,µg/m³,,2.85,2.85,,0.00285,,uno,1,100.0,,NET-FR068A,-727.0,-999.0,500.0,500.0,12.0,7,0,2,2017
8606,2017-02-27,2017-02-27 08:00:00+00:00,2017-02-27 08:00:00+00:00,2.65,o3,µg/m³,2650.0,2.65,2.65,2.65,2.65,0.0,1,one,100.0,3455.0,NET-FR068A,43.587219999999995,-727.0,500.0,500.0,12.0,8,0,2,2017
8606,2017-02-27,2017-02-27 09:00:00+00:00,2017-02-27 09:00:00+00:00,,o3,µg/m³,3.98,3.98,3.98,3.98,3.98,0.0,uno,1,100.0,3455.0,NET-FR068A,43.587219999999995,1.443889,500.0,500.0,12.0,9,0,2,2017
8606,2017-02-27,2017-02-27 10:00:00+00:00,2017-02-27 10:00:00+00:00,11.6,o3,µg/m³,11.55,11.55,,0.011550000000000001,11.55,0.0,1,1,100.0,3455.0,NET-FR068A,43.587219999999995,1.443889,500.0,500.0,12.0,10,0,2,2017
8606,2017-02-27,2017-02-27 11:00:00+00:00,2017-02-27 11:00:00+00:00,38.7,o3,µg/m³,38650.0,38.65,38.65,38.65,38.65,0.0,1,1,100.0,3455.0,NET-FR068A,43.587219999999995,1.443889,500.0,500.0,12.0,11,0,2,2017
8606,2017-02-27,2017-02-27 12:00:00+00:00,2017-02-27 12:00:00+00:00,64800.0,o3,unknown,,64.83,0.06483,64.83,64.83,0.0,one,1,100.0,3455.0,NET-FR068A,43.587219999999995,1.443889,500.0,500.0,12.0,12,0,2,2017
8606,2017-02-27,2017-02-27 13:00:00+00:00,2017-02-27 13:00:00+00:00,72.9,o3,cm,72.93,72.93,72.93,72.93,72.93,,1,mot,100.0,3455.0,NET-FR068A,999.0,1.443889,500.0,500.0,12.0,13,0,2,2017
8606,2017-02-27,2017-02-27 14:00:00+00:00,2017-02-27 14:00:00+00:00,81.7,o3,µg/m³,81.65,81.65,81.65,,,0.0,1,1,100.0,,NET-FR068A,43.587219999999995,1.443889,500.0,500.0,12.0,14,0,2,2017
8606,2017-02-27,2017-02-27 15:00:00+00:00,2017-02-27 15:00:00+00:00,,o3,cm,83.95,,83.95,83.95,83.95,,1,one,100.0,,NET-FR068A,43.587219999999995,1.443889,500.0,500.0,12.0,15,0,2,2017
8606,2017-02-27,2017-02-27 16:00:00+00:00,2017-02-27 16:00:00+00:00,86.1,o3,µg/m³,86.1,0.0861,,86.1,86.1,0.0,1,1,100.0,3455.0,NET-FR068A,-727.0,1.443889,500.0,500.0,12.0,16,0,2,2017
8606,2017-02-27,2017-02-27 17:00:00+00:00,2017-02-27 17:00:00+00:00,0.0831,o3,µg/m³,83.13,,83.13,83.13,83.13,0.0,1,1,100.0,3455.0,NET-FR068A,-999.0,1.443889,500.0,500.0,12.0,17,0,2,2017
8606,2017-02-27,2017-02-27 18:00:00+00:00,2017-02-27 18:00:00+00:00,0.0785,o3,µg/m³,0.0785,,,78.5,78.5,0.0,mot,1,100.0,3455.0,NET-FR068A,43.587219999999995,-999.0,500.0,500.0,12.0,18,0,2,2017
8606,2017-02-27,2017-02-27 19:00:00+00:00,2017-02-27 19:00:00+00:00,67.8,o3,cm,67.8,,,67.8,,,1,1,100.0,3455.0,NET-FR068A,43.587219999999995,1.443889,500.0,500.0,12.0,19,0,2,2017
8606,2017-02-27,2017-02-27 20:00:00+00:00,2017-02-27 20:00:00+00:00,67.4,o3,unknown,,,67.35,67.35,,0.0,1,1,100.0,,NET-FR068A,43.587219999999995,1.443889,500.0,500.0,12.0,20,0,2,2017
8606,2017-02-27,2017-02-27 21:00:00+00:00,2017-02-27 21:00:00+00:00,,o3,unknown,64800.0,64800.0,,64.8,64.8,0.0,1,1,100.0,3455.0,NET-FR068A,999.0,1.443889,500.0,500.0,12.0,21,0,2,2017
8606,2017-02-27,2017-02-27 22:00:00+00:00,2017-02-27 22:00:00+00:00,64.1,o3,cm,,64.08,64.08,64.08,64.08,0.0,1,1,100.0,3455.0,NET-FR068A,43.587219999999995,1.443889,500.0,500.0,12.0,22,0,2,2017
8606,2017-02-27,2017-02-27 23:00:00+00:00,2017-02-27 23:00:00+00:00,55.3,o3,µg/m³,55.3,55.3,55.3,55.3,,0.0,uno,1,100.0,,NET-FR068A,43.587219999999995,1.443889,500.0,500.0,12.0,23,0,2,2017
8606,2017-02-28,2017-02-28 00:00:00+00:00,2017-02-28 00:00:00+00:00,64900.00000000001,o3,µg/m³,64.88,,0.06488,64.88,0.06488,0.0,1,1,100.0,3455.0,NET-FR068A,-727.0,1.443889,500.0,500.0,12.0,0,1,2,2017
8606,2017-02-28,2017-02-28 01:00:00+00:00,2017-02-28 01:00:00+00:00,,o3,µg/m³,75.13,0.07513,75.13,75.13,75.13,0.0,1,1,100.0,3455.0,NET-FR068A,999.0,1.443889,500.0,500.0,12.0,1,1,2,2017
8606,2017-02-28,2017-02-28 02:00:00+00:00,2017-02-28 02:00:00+00:00,,o3,unknown,78.15,78.15,78.15,,78.15,0.0,1,1,100.0,,NET-FR068A,43.587219999999995,1.443889,500.0,500.0,12.0,2,1,2,2017
8606,2017-02-28,2017-02-28 03:00:00+00:00,2017-02-28 03:00:00+00:00,84.0,o3,µg/m³,,84.0,,84.0,84.0,,1,1,100.0,3455.0,NET-FR068A,-999.0,-727.0,500.0,500.0,12.0,3,1,2,2017
8606,2017-02-28,2017-02-28 04:00:00+00:00,2017-02-28 04:00:00+00:00,,o3,µg/m³,,81.3,81.3,81.3,81.3,0.0,1,1,100.0,,NET-FR068A,43.587219999999995,1.443889,500.0,500.0,12.0,4,1,2,2017
8606,2017-02-28,2017-02-28 05:00:00+00:00,2017-02-28 05:00:00+00:00,84.0,o3,kg,84.0,0.084,0.084,84.0,,0.0,1,1,100.0,3455.0,NET-FR068A,43.587219999999995,1.443889,500.0,500.0,12.0,5,1,2,2017
8606,2017-02-28,2017-02-28 06:00:00+00:00,2017-02-28 06:00:00+00:00,78.5,o3,cm,78.48,78480.0,78.48,78.48,78.48,0.0,1,1,100.0,3455.0,NET-FR068A,727.0,1.443889,500.0,500.0,12.0,6,1,2,2017
8606,2017-02-28,2017-02-28 07:00:00+00:00,2017-02-28 07:00:00+00:00,58400.0,o3,µg/m³,58.35,,0.058350000000000006,58350.0,,0.0,un,1,100.0,3455.0,NET-FR068A,43.587219999999995,-999.0,500.0,500.0,12.0,7,1,2,2017
8606,2017-02-28,2017-02-28 08:00:00+00:00,2017-02-28 08:00:00+00:00,39.1,o3,µg/m³,,,39050.0,39.05,,0.0,1,1,100.0,3455.0,NET-FR068A,43.587219999999995,1.443889,500.0,500.0,12.0,8,1,2,2017
8606,2017-02-28,2017-02-28 09:00:00+00:00,2017-02-28 09:00:00+00:00,39.5,o3,µg/m³,39.5,,39.5,,39.5,0.0,1,1,100.0,3455.0,NET-FR068A,43.587219999999995,1.443889,500.0,500.0,12.0,9,1,2,2017
8606,2017-02-28,2017-02-28 10:00:00+00:00,2017-02-28 10:00:00+00:00,0.0476,o3,µg/m³,47.6,47.6,47.6,,47.6,0.0,1,1,100.0,3455.0,NET-FR068A,43.587219999999995,1.443889,500.0,500.0,12.0,10,1,2,2017
8606,2017-02-28,2017-02-28 11:00:00+00:00,2017-02-28 11:00:00+00:00,56.6,o3,µg/m³,,56.58,56580.0,56580.0,56.58,0.0,uno,1,100.0,3455.0,NET-FR068A,43.587219999999995,727.0,500.0,500.0,12.0,11,1,2,2017
8606,2017-02-28,2017-02-28 12:00:00+00:00,2017-02-28 12:00:00+00:00,,o3,µg/m³,62.55,62.55,62.55,62.55,62.55,0.0,un,1,100.0,3455.0,NET-FR068A,-727.0,999.0,500.0,500.0,12.0,12,1,2,2017
8606,2017-02-28,2017-02-28 13:00:00+00:00,2017-02-28 13:00:00+00:00,74.8,o3,µg/m³,74.83,74.83,74.83,74.83,74.83,0.0,1,mot,100.0,3455.0,NET-FR068A,43.587219999999995,1.443889,500.0,500.0,12.0,13,1,2,2017
8606,2017-02-28,2017-02-28 14:00:00+00:00,2017-02-28 14:00:00+00:00,84.1,o3,µg/m³,84.05,84050.0,84.05,,84.05,0.0,1,mot,100.0,,NET-FR068A,43.587219999999995,1.443889,500.0,500.0,12.0,14,1,2,2017
8606,2017-02-28,2017-02-28 15:00:00+00:00,2017-02-28 15:00:00+00:00,,o3,µg/m³,81.4,81.4,,81.4,81.4,0.0,1,un,100.0,3455.0,NET-FR068A,43.587219999999995,1.443889,500.0,500.0,12.0,15,1,2,2017
8606,2017-02-28,2017-02-28 16:00:00+00:00,2017-02-28 16:00:00+00:00,86.8,o3,µg/m³,86.83,86.83,86.83,86.83,86.83,,one,1,100.0,3455.0,NET-FR068A,999.0,1.443889,500.0,500.0,12.0,16,1,2,2017
8606,2017-02-28,2017-02-28 17:00:00+00:00,2017-02-28 17:00:00+00:00,,o3,µg/m³,,87.63,87.63,,,0.0,1,mot,100.0,,NET-FR068A,-999.0,1.443889,500.0,500.0,12.0,17,1,2,2017
8606,2017-02-28,2017-02-28 18:00:00+00:00,2017-02-28 18:00:00+00:00,86.3,o3,kg,0.08633,,86.33,86.33,86.33,0.0,1,1,100.0,3455.0,NET-FR068A,43.587219999999995,1.443889,500.0,500.0,12.0,18,1,2,2017
8606,2017-02-28,2017-02-28 19:00:00+00:00,2017-02-28 19:00:00+00:00,,o3,µg/m³,84.6,84.6,84.6,,84.6,,uno,1,100.0,3455.0,NET-FR068A,-727.0,1.443889,500.0,500.0,12.0,19,1,2,2017
8606,2017-02-28,2017-02-28 20:00:00+00:00,2017-02-28 20:00:00+00:00,75.1,o3,unknown,75.13,75.13,75.13,,0.07513,0.0,1,1,100.0,3455.0,NET-FR068A,999.0,1.443889,500.0,500.0,12.0,20,1,2,2017
8606,2017-02-28,2017-02-28 21:00:00+00:00,2017-02-28 21:00:00+00:00,68400.0,o3,kg,68.38,,68.38,0.06838,68.38,0.0,1,1,100.0,3455.0,NET-FR068A,43.587219999999995,1.443889,500.0,500.0,12.0,21,1,2,2017
8606,2017-02-28,2017-02-28 22:00:00+00:00,2017-02-28 22:00:00+00:00,88400.0,o3,µg/m³,88.38,88.38,88.38,88.38,88380.0,,un,1,100.0,3455.0,NET-FR068A,43.587219999999995,1.443889,500.0,500.0,12.0,22,1,2,2017
8606,2017-02-28,2017-02-28 23:00:00+00:00,2017-02-28 23:00:00+00:00,0.0777,o3,µg/m³,77.68,,77.68,77.68,,0.0,un,1,100.0,3455.0,NET-FR068A,999.0,1.443889,500.0,500.0,12.0,23,1,2,2017
8606,2017-03-01,2017-03-01 00:00:00+00:00,2017-03-01 00:00:00+00:00,72.2,o3,µg/m³,72.18,,72.18,72180.0,72.18,0.0,1,1,100.0,3455.0,NET-FR068A,43.587219999999995,1.443889,500.0,500.0,12.0,0,2,3,2017
8606,2017-03-01,2017-03-01 01:00:00+00:00,2017-03-01 01:00:00+00:00,64.0,o3,µg/m³,63.98,63.98,,63.98,0.06398,,1,uno,100.0,3455.0,NET-FR068A,43.587219999999995,1.443889,500.0,500.0,12.0,1,2,3,2017
8606,2017-03-01,2017-03-01 02:00:00+00:00,2017-03-01 02:00:00+00:00,67900.0,o3,µg/m³,67.93,67.93,67.93,67.93,,0.0,1,1,100.0,3455.0,NET-FR068A,-999.0,1.443889,500.0,500.0,12.0,2,2,3,2017
8606,2017-03-01,2017-03-01 03:00:00+00:00,2017-03-01 03:00:00+00:00,,o3,µg/m³,,,65.08,0.06508,,0.0,1,1,100.0,,NET-FR068A,43.587219999999995,1.443889,500.0,500.0,12.0,3,2,3,2017
8606,2017-03-01,2017-03-01 04:00:00+00:00,2017-03-01 04:00:00+00:00,60.9,o3,unknown,60.85,,60.85,,,0.0,uno,1,100.0,3455.0,NET-FR068A,727.0,727.0,500.0,500.0,12.0,4,2,3,2017
8606,2017-03-01,2017-03-01 05:00:00+00:00,2017-03-01 05:00:00+00:00,56600.0,o3,kg,56.55,56.55,56.55,56.55,56.55,,1,one,100.0,,NET-FR068A,-999.0,1.443889,500.0,500.0,12.0,5,2,3,2017
8606,2017-03-01,2017-03-01 06:00:00+00:00,2017-03-01 06:00:00+00:00,58.8,o3,µg/m³,,58.78,58.78,58.78,58.78,0.0,1,1,100.0,3455.0,NET-FR068A,43.587219999999995,1.443889,500.0,500.0,12.0,6,2,3,2017
8606,2017-03-01,2017-03-01 07:00:00+00:00,2017-03-01 07:00:00+00:00,39.3,o3,µg/m³,39.25,39.25,39.25,39.25,,,1,1,100.0,3455.0,NET-FR068A,43.587219999999995,1.443889,500.0,500.0,12.0,7,2,3,2017
8606,2017-03-01,2017-03-01 08:00:00+00:00,2017-03-01 08:00:00+00:00,18.4,o3,µg/m³,,18.38,,18.38,18.38,0.0,1,1,100.0,3455.0,NET-FR068A,43.587219999999995,1.443889,500.0,500.0,12.0,8,2,3,2017
8606,2017-03-01,2017-03-01 09:00:00+00:00,2017-03-01 09:00:00+00:00,,o3,µg/m³,20.9,,20.9,20.9,20.9,0.0,un,1,100.0,3455.0,NET-FR068A,43.587219999999995,1.443889,500.0,500.0,12.0,9,2,3,2017
8606,2017-03-01,2017-03-01 10:00:00+00:00,2017-03-01 10:00:00+00:00,34.5,o3,µg/m³,34.5,,34.5,34.5,34.5,0.0,1,1,100.0,3455.0,NET-FR068A,43.587219999999995,1.443889,500.0,500.0,12.0,10,2,3,2017
8606,2017-03-01,2017-03-01 11:00:00+00:00,2017-03-01 11:00:00+00:00,44.1,o3,µg/m³,44.1,,44.1,44.1,44100.0,0.0,1,1,100.0,3455.0,NET-FR068A,43.587219999999995,1.443889,500.0,500.0,12.0,11,2,3,2017
8606,2017-03-01,2017-03-01 12:00:00+00:00,2017-03-01 12:00:00+00:00,0.0564,o3,µg/m³,,56.35,56.35,,,,1,1,100.0,3455.0,NET-FR068A,43.587219999999995,1.443889,500.0,500.0,12.0,12,2,3,2017
8606,2017-03-01,2017-03-01 13:00:00+00:00,2017-03-01 13:00:00+00:00,60.4,o3,cm,60.35,0.06035,60.35,60.35,60.35,0.0,1,1,100.0,,NET-FR068A,43.587219999999995,-999.0,500.0,500.0,12.0,13,2,3,2017
8606,2017-03-01,2017-03-01 14:00:00+00:00,2017-03-01 14:00:00+00:00,,o3,µg/m³,69.18,69.18,,69.18,0.06918,0.0,1,uno,100.0,3455.0,NET-FR068A,727.0,727.0,500.0,500.0,12.0,14,2,3,2017
8606,2017-03-01,2017-03-01 15:00:00+00:00,2017-03-01 15:00:00+00:00,79.5,o3,µg/m³,,79.53,79530.0,79530.0,0.07953,0.0,un,one,100.0,3455.0,NET-FR068A,727.0,1.443889,500.0,500.0,12.0,15,2,3,2017
8606,2017-03-01,2017-03-01 16:00:00+00:00,2017-03-01 16:00:00+00:00,80.5,o3,µg/m³,80.5,80.5,80.5,80.5,80.5,0.0,1,1,100.0,,NET-FR068A,43.587219999999995,1.443889,500.0,500.0,12.0,16,2,3,2017
8606,2017-03-01,2017-03-01 17:00:00+00:00,2017-03-01 17:00:00+00:00,0.07990000000000001,o3,cm,79.93,0.07993000000000001,79930.0,79.93,,0.0,1,1,100.0,3455.0,NET-FR068A,43.587219999999995,1.443889,500.0,500.0,12.0,17,2,3,2017
8606,2017-03-01,2017-03-01 18:00:00+00:00,2017-03-01 18:00:00+00:00,,o3,µg/m³,,76.68,,76.68,76.68,,1,1,100.0,3455.0,NET-FR068A,-999.0,1.443889,500.0,500.0,12.0,18,2,3,2017
8606,2017-03-01,2017-03-01 19:00:00+00:00,2017-03-01 19:00:00+00:00,53500.0,o3,µg/m³,53.5,53.5,53.5,53.5,,0.0,un,1,100.0,3455.0,NET-FR068A,43.587219999999995,1.443889,500.0,500.0,12.0,19,2,3,2017
8606,2017-03-01,2017-03-01 20:00:00+00:00,2017-03-01 20:00:00+00:00,,o3,µg/m³,4.68,4.68,4680.0,4680.0,4.68,0.0,1,1,100.0,3455.0,NET-FR068A,43.587219999999995,1.443889,500.0,500.0,12.0,20,2,3,2017
8606,2017-03-01,2017-03-01 21:00:00+00:00,2017-03-01 21:00:00+00:00,5.25,o3,unknown,,5.25,5.25,5.25,5.25,,1,mot,100.0,3455.0,NET-FR068A,43.587219999999995,1.443889,500.0,500.0,12.0,21,2,3,2017
8606,2017-03-01,2017-03-01 22:00:00+00:00,2017-03-01 22:00:00+00:00,3.93,o3,µg/m³,3.93,3930.0,3.93,3.93,3.93,,one,1,100.0,3455.0,NET-FR068A,727.0,1.443889,500.0,500.0,12.0,22,2,3,2017
8606,2017-03-01,2017-03-01 23:00:00+00:00,2017-03-01 23:00:00+00:00,0.00375,o3,kg,,3.75,,3.75,3.75,,1,1,100.0,3455.0,NET-FR068A,43.587219999999995,999.0,500.0,500.0,12.0,23,2,3,2017
8606,2017-03-02,2017-03-02 00:00:00+00:00,2017-03-02 00:00:00+00:00,2.88,o3,cm,2.88,2.88,0.0028799999999999997,2.88,2.88,0.0,1,1,100.0,3455.0,NET-FR068A,43.587219999999995,-727.0,500.0,500.0,12.0,0,3,3,2017
8606,2017-03-02,2017-03-02 01:00:00+00:00,2017-03-02 01:00:00+00:00,4.0,o3,µg/m³,4.0,4.0,4.0,,0.004,0.0,1,un,100.0,3455.0,NET-FR068A,43.587219999999995,1.443889,500.0,500.0,12.0,1,3,3,2017
8606,2017-03-02,2017-03-02 02:00:00+00:00,2017-03-02 02:00:00+00:00,10.4,o3,µg/m³,10.35,10.35,,10.35,10.35,0.0,1,1,100.0,3455.0,NET-FR068A,43.587219999999995,1.443889,500.0,500.0,12.0,2,3,3,2017
8606,2017-03-02,2017-03-02 03:00:00+00:00,2017-03-02 03:00:00+00:00,4550.0,o3,µg/m³,4.55,,4.55,4.55,4.55,0.0,uno,1,100.0,3455.0,NET-FR068A,43.587219999999995,1.443889,500.0,500.0,12.0,3,3,3,2017
8606,2017-03-02,2017-03-02 04:00:00+00:00,2017-03-02 04:00:00+00:00,,o3,µg/m³,12.95,12.95,12.95,12950.0,12950.0,0.0,1,1,100.0,3455.0,NET-FR068A,43.587219999999995,1.443889,500.0,500.0,12.0,4,3,3,2017
8606,2017-03-02,2017-03-02 05:00:00+00:00,2017-03-02 05:00:00+00:00,0.013900000000000001,o3,µg/m³,13.93,13.93,13930.0,13.93,,0.0,1,1,100.0,,NET-FR068A,-727.0,1.443889,500.0,500.0,12.0,5,3,3,2017
8606,2017-03-02,2017-03-02 06:00:00+00:00,2017-03-02 06:00:00+00:00,10.8,o3,cm,10830.0,10.83,,10830.0,10.83,,1,1,100.0,3455.0,NET-FR068A,43.587219999999995,1.443889,500.0,500.0,12.0,6,3,3,2017
8606,2017-03-02,2017-03-02 07:00:00+00:00,2017-03-02 07:00:00+00:00,9.25,o3,µg/m³,9.25,9.25,9250.0,0.00925,9.25,0.0,1,1,100.0,,NET-FR068A,-727.0,-999.0,500.0,500.0,12.0,7,3,3,2017
8606,2017-03-02,2017-03-02 08:00:00+00:00,2017-03-02 08:00:00+00:00,7.93,o3,µg/m³,7.93,,7.93,7.93,7.93,0.0,1,1,100.0,3455.0,NET-FR068A,43.587219999999995,1.443889,500.0,500.0,12.0,8,3,3,2017
8606,2017-03-02,2017-03-02 09:00:00+00:00,2017-03-02 09:00:00+00:00,11600.0,o3,µg/m³,11.58,11.58,,,11.58,0.0,1,1,100.0,,NET-FR068A,43.587219999999995,1.443889,500.0,500.0,12.0,9,3,3,2017
8606,2017-03-02,2017-03-02 10:00:00+00:00,2017-03-02 10:00:00+00:00,14.2,o3,µg/m³,14.15,0.014150000000000001,14.15,,14150.0,0.0,1,1,100.0,3455.0,NET-FR068A,43.587219999999995,1.443889,500.0,500.0,12.0,10,3,3,2017
8606,2017-03-02,2017-03-02 11:00:00+00:00,2017-03-02 11:00:00+00:00,27.1,o3,µg/m³,27.05,27.05,,0.02705,27.05,0.0,1,1,100.0,3455.0,NET-FR068A,43.587219999999995,1.443889,500.0,500.0,12.0,11,3,3,2017
8606,2017-03-02,2017-03-02 12:00:00+00:00,2017-03-02 12:00:00+00:00,0.0373,o3,cm,37.3,37300.0,37.3,37.3,37.3,0.0,mot,1,100.0,3455.0,NET-FR068A,43.587219999999995,1.443889,500.0,500.0,12.0,12,3,3,2017
8606,2017-03-02,2017-03-02 13:00:00+00:00,2017-03-02 13:00:00+00:00,66.2,o3,µg/m³,66.2,,,66.2,66.2,0.0,1,1,100.0,3455.0,NET-FR068A,43.587219999999995,1.443889,500.0,500.0,12.0,13,3,3,2017
8606,2017-03-02,2017-03-02 14:00:00+00:00,2017-03-02 14:00:00+00:00,,o3,µg/m³,71.18,71.18,71.18,71.18,,0.0,1,1,100.0,3455.0,NET-FR068A,43.587219999999995,1.443889,500.0,500.0,12.0,14,3,3,2017
8606,2017-03-02,2017-03-02 15:00:00+00:00,2017-03-02 15:00:00+00:00,73.8,o3,µg/m³,73.75,,,73.75,73.75,0.0,1,one,100.0,,NET-FR068A,43.587219999999995,1.443889,500.0,500.0,12.0,15,3,3,2017
8606,2017-03-02,2017-03-02 16:00:00+00:00,2017-03-02 16:00:00+00:00,71.9,o3,µg/m³,71.85,,71.85,71.85,,,1,1,100.0,3455.0,NET-FR068A,43.587219999999995,1.443889,500.0,500.0,12.0,16,3,3,2017
8606,2017-03-02,2017-03-02 17:00:00+00:00,2017-03-02 17:00:00+00:00,76.5,o3,cm,76.53,0.07653,76.53,76.53,,0.0,1,1,100.0,,NET-FR068A,43.587219999999995,727.0,500.0,500.0,12.0,17,3,3,2017
8606,2017-03-02,2017-03-02 18:00:00+00:00,2017-03-02 18:00:00+00:00,73.4,o3,unknown,73350.0,0.07335,73.35,,,,1,1,100.0,,NET-FR068A,727.0,1.443889,500.0,500.0,12.0,18,3,3,2017
8606,2017-03-02,2017-03-02 19:00:00+00:00,2017-03-02 19:00:00+00:00,,o3,µg/m³,60.53,,60.53,60.53,60530.0,0.0,1,1,100.0,3455.0,NET-FR068A,43.587219999999995,1.443889,500.0,500.0,12.0,19,3,3,2017
8606,2017-03-02,2017-03-02 20:00:00+00:00,2017-03-02 20:00:00+00:00,41.4,o3,cm,41.38,41.38,41.38,41.38,41.38,0.0,1,1,100.0,3455.0,NET-FR068A,43.587219999999995,-727.0,500.0,500.0,12.0,20,3,3,2017
8606,2017-03-02,2017-03-02 21:00:00+00:00,2017-03-02 21:00:00+00:00,37.1,o3,cm,,37.13,37130.0,37.13,37.13,0.0,1,1,100.0,3455.0,NET-FR068A,43.587219999999995,1.443889,500.0,500.0,12.0,21,3,3,2017
8606,2017-03-02,2017-03-02 22:00:00+00:00,2017-03-02 22:00:00+00:00,26.8,o3,µg/m³,26.75,26.75,,26.75,,0.0,1,1,100.0,3455.0,NET-FR068A,43.587219999999995,1.443889,500.0,500.0,12.0,22,3,3,2017
8606,2017-03-02,2017-03-02 23:00:00+00:00,2017-03-02 23:00:00+00:00,42.7,o3,µg/m³,42.68,42.68,42.68,42.68,,,1,un,100.0,,NET-FR068A,43.587219999999995,1.443889,500.0,500.0,12.0,23,3,3,2017
8606,2017-03-03,2017-03-03 00:00:00+00:00,2017-03-03 00:00:00+00:00,0.042,o3,µg/m³,41.98,41.98,41.98,41.98,41.98,0.0,1,1,100.0,3455.0,NET-FR068A,43.587219999999995,1.443889,500.0,500.0,12.0,0,4,3,2017
8606,2017-03-03,2017-03-03 01:00:00+00:00,2017-03-03 01:00:00+00:00,51.7,o3,unknown,51.73,,51.73,51.73,,0.0,mot,un,100.0,3455.0,NET-FR068A,43.587219999999995,1.443889,500.0,500.0,12.0,1,4,3,2017
8606,2017-03-03,2017-03-03 02:00:00+00:00,2017-03-03 02:00:00+00:00,68.4,o3,µg/m³,,68.35,68.35,68.35,,,1,uno,100.0,3455.0,NET-FR068A,727.0,1.443889,500.0,500.0,12.0,2,4,3,2017
8606,2017-03-03,2017-03-03 03:00:00+00:00,2017-03-03 03:00:00+00:00,75.9,o3,µg/m³,,,75.87,75.87,75.87,0.0,mot,un,100.0,3455.0,NET-FR068A,727.0,1.443889,500.0,500.0,12.0,3,4,3,2017
8606,2017-03-03,2017-03-03 04:00:00+00:00,2017-03-03 04:00:00+00:00,,o3,unknown,74.4,,74.4,74.4,74.4,0.0,1,1,100.0,3455.0,NET-FR068A,43.587219999999995,1.443889,500.0,500.0,12.0,4,4,3,2017
8606,2017-03-03,2017-03-03 05:00:00+00:00,2017-03-03 05:00:00+00:00,,o3,unknown,73.65,0.07365000000000001,73.65,73.65,,0.0,1,1,100.0,3455.0,NET-FR068A,43.587219999999995,1.443889,500.0,500.0,12.0,5,4,3,2017
8606,2017-03-03,2017-03-03 06:00:00+00:00,2017-03-03 06:00:00+00:00,74.5,o3,µg/m³,74.53,,74530.0,74.53,,0.0,1,1,100.0,3455.0,NET-FR068A,43.587219999999995,1.443889,500.0,500.0,12.0,6,4,3,2017
8606,2017-03-03,2017-03-03 07:00:00+00:00,2017-03-03 07:00:00+00:00,70.1,o3,µg/m³,70.05,70050.0,,70.05,,0.0,1,1,100.0,3455.0,NET-FR068A,-727.0,1.443889,500.0,500.0,12.0,7,4,3,2017
8606,2017-03-03,2017-03-03 08:00:00+00:00,2017-03-03 08:00:00+00:00,65.5,o3,µg/m³,,65.5,65.5,65.5,0.0655,0.0,1,uno,100.0,3455.0,NET-FR068A,999.0,1.443889,500.0,500.0,12.0,8,4,3,2017
8606,2017-03-03,2017-03-03 09:00:00+00:00,2017-03-03 09:00:00+00:00,64.6,o3,µg/m³,64.55,0.06455,64.55,64550.0,64550.0,0.0,1,one,100.0,3455.0,NET-FR068A,43.587219999999995,1.443889,500.0,500.0,12.0,9,4,3,2017
8606,2017-03-03,2017-03-03 10:00:00+00:00,2017-03-03 10:00:00+00:00,0.06820000000000001,o3,µg/m³,68.23,,68.23,68.23,68.23,0.0,1,1,100.0,3455.0,NET-FR068A,43.587219999999995,1.443889,500.0,500.0,12.0,10,4,3,2017
8606,2017-03-03,2017-03-03 11:00:00+00:00,2017-03-03 11:00:00+00:00,72.8,o3,µg/m³,,72750.0,72.75,72.75,72.75,0.0,1,1,100.0,3455.0,NET-FR068A,43.587219999999995,727.0,500.0,500.0,12.0,11,4,3,2017
8606,2017-03-03,2017-03-03 12:00:00+00:00,2017-03-03 12:00:00+00:00,0.0765,o3,µg/m³,76.45,,,76.45,76.45,,1,1,100.0,3455.0,NET-FR068A,43.587219999999995,1.443889,500.0,500.0,12.0,12,4,3,2017
8606,2017-03-03,2017-03-03 13:00:00+00:00,2017-03-03 13:00:00+00:00,79.0,o3,µg/m³,79.03,,0.07903,79.03,,0.0,1,1,100.0,3455.0,NET-FR068A,999.0,1.443889,500.0,500.0,12.0,13,4,3,2017
8606,2017-03-03,2017-03-03 14:00:00+00:00,2017-03-03 14:00:00+00:00,83.0,o3,kg,82.95,82.95,82.95,0.08295000000000001,82950.0,,1,1,100.0,3455.0,NET-FR068A,43.587219999999995,1.443889,500.0,500.0,12.0,14,4,3,2017
8606,2017-03-03,2017-03-03 15:00:00+00:00,2017-03-03 15:00:00+00:00,84.4,o3,unknown,84.35,,84350.0,0.08435,84.35,0.0,1,1,100.0,3455.0,NET-FR068A,43.587219999999995,1.443889,500.0,500.0,12.0,15,4,3,2017
8606,2017-03-03,2017-03-03 16:00:00+00:00,2017-03-03 16:00:00+00:00,86.9,o3,µg/m³,,86.88,,86.88,86.88,0.0,1,1,100.0,,NET-FR068A,43.587219999999995,1.443889,500.0,500.0,12.0,16,4,3,2017
8606,2017-03-03,2017-03-03 17:00:00+00:00,2017-03-03 17:00:00+00:00,89700.0,o3,µg/m³,89.73,89.73,89.73,89.73,,0.0,1,1,100.0,3455.0,NET-FR068A,43.587219999999995,727.0,500.0,500.0,12.0,17,4,3,2017
8606,2017-03-03,2017-03-03 18:00:00+00:00,2017-03-03 18:00:00+00:00,86.1,o3,µg/m³,86.1,86.1,86.1,,,0.0,1,one,100.0,3455.0,NET-FR068A,43.587219999999995,1.443889,500.0,500.0,12.0,18,4,3,2017
8606,2017-03-03,2017-03-03 19:00:00+00:00,2017-03-03 19:00:00+00:00,84.6,o3,µg/m³,84.58,,84.58,84.58,84580.0,0.0,1,1,100.0,3455.0,NET-FR068A,43.587219999999995,727.0,500.0,500.0,12.0,19,4,3,2017
8606,2017-03-03,2017-03-03 20:00:00+00:00,2017-03-03 20:00:00+00:00,85.5,o3,cm,85.5,,85.5,85.5,85.5,,one,one,100.0,3455.0,NET-FR068A,43.587219999999995,1.443889,500.0,500.0,12.0,20,4,3,2017
8606,2017-03-03,2017-03-03 21:00:00+00:00,2017-03-03 21:00:00+00:00,87.4,o3,µg/m³,87.43,87.43,0.08743000000000001,87.43,87430.0,0.0,1,1,100.0,3455.0,NET-FR068A,43.587219999999995,1.443889,500.0,500.0,12.0,21,4,3,2017
8606,2017-03-03,2017-03-03 22:00:00+00:00,2017-03-03 22:00:00+00:00,87400.0,o3,µg/m³,,,87350.0,87.35,0.08735,0.0,1,1,100.0,,NET-FR068A,43.587219999999995,1.443889,500.0,500.0,12.0,22,4,3,2017
8606,2017-03-03,2017-03-03 23:00:00+00:00,2017-03-03 23:00:00+00:00,89.5,o3,µg/m³,,,,0.08953,89.53,0.0,uno,1,100.0,,NET-FR068A,43.587219999999995,1.443889,500.0,500.0,12.0,23,4,3,2017
8606,2017-03-04,2017-03-04 00:00:00+00:00,2017-03-04 00:00:00+00:00,91400.0,o3,kg,0.09140000000000001,91.4,91.4,91.4,,0.0,1,1,100.0,3455.0,NET-FR068A,43.587219999999995,-999.0,500.0,500.0,12.0,0,5,3,2017
8606,2017-03-04,2017-03-04 01:00:00+00:00,2017-03-04 01:00:00+00:00,,o3,cm,,83400.0,83.4,83.4,83.4,0.0,1,1,100.0,3455.0,NET-FR068A,999.0,1.443889,500.0,500.0,12.0,1,5,3,2017
8606,2017-03-04,2017-03-04 02:00:00+00:00,2017-03-04 02:00:00+00:00,86.4,o3,kg,86.43,86.43,86.43,86.43,,0.0,1,1,100.0,3455.0,NET-FR068A,-727.0,1.443889,500.0,500.0,12.0,2,5,3,2017
8606,2017-03-04,2017-03-04 03:00:00+00:00,2017-03-04 03:00:00+00:00,92.6,o3,µg/m³,,,92.58,,,0.0,1,1,100.0,3455.0,NET-FR068A,43.587219999999995,-999.0,500.0,500.0,12.0,3,5,3,2017
8606,2017-03-04,2017-03-04 04:00:00+00:00,2017-03-04 04:00:00+00:00,94.5,o3,unknown,94.5,94.5,94.5,,,0.0,1,1,100.0,,NET-FR068A,43.587219999999995,1.443889,500.0,500.0,12.0,4,5,3,2017
8606,2017-03-04,2017-03-04 05:00:00+00:00,2017-03-04 05:00:00+00:00,90.5,o3,µg/m³,90.48,90.48,90.48,90.48,90.48,0.0,1,mot,100.0,3455.0,NET-FR068A,43.587219999999995,1.443889,500.0,500.0,12.0,5,5,3,2017
8606,2017-03-04,2017-03-04 06:00:00+00:00,2017-03-04 06:00:00+00:00,0.0864,o3,µg/m³,,86.35,86.35,86.35,86.35,,1,1,100.0,3455.0,NET-FR068A,43.587219999999995,1.443889,500.0,500.0,12.0,6,5,3,2017
8606,2017-03-04,2017-03-04 07:00:00+00:00,2017-03-04 07:00:00+00:00,92.8,o3,µg/m³,0.09275,92.75,92.75,92750.0,92750.0,0.0,1,1,100.0,3455.0,NET-FR068A,43.587219999999995,999.0,500.0,500.0,12.0,7,5,3,2017
8606,2017-03-04,2017-03-04 08:00:00+00:00,2017-03-04 08:00:00+00:00,88.9,o3,µg/m³,88.88,,88.88,,,0.0,1,one,100.0,3455.0,NET-FR068A,43.587219999999995,1.443889,500.0,500.0,12.0,8,5,3,2017
8606,2017-03-04,2017-03-04 09:00:00+00:00,2017-03-04 09:00:00+00:00,81.0,o3,µg/m³,80.95,80.95,80.95,80.95,80.95,0.0,one,un,100.0,3455.0,NET-FR068A,727.0,1.443889,500.0,500.0,12.0,9,5,3,2017
8606,2017-03-04,2017-03-04 10:00:00+00:00,2017-03-04 10:00:00+00:00,75.8,o3,µg/m³,,75.78,75.78,75.78,,0.0,1,uno,100.0,3455.0,NET-FR068A,43.587219999999995,1.443889,500.0,500.0,12.0,10,5,3,2017
8606,2017-03-04,2017-03-04 11:00:00+00:00,2017-03-04 11:00:00+00:00,79.5,o3,µg/m³,79.48,79.48,79.48,0.07948000000000001,79.48,,1,1,100.0,3455.0,NET-FR068A,43.587219999999995,1.443889,500.0,500.0,12.0,11,5,3,2017
8606,2017-03-04,2017-03-04 12:00:00+00:00,2017-03-04 12:00:00+00:00,83.0,o3,µg/m³,82.95,82.95,0.08295000000000001,82.95,82.95,,1,one,100.0,,NET-FR068A,43.587219999999995,1.443889,500.0,500.0,12.0,12,5,3,2017
8606,2017-03-04,2017-03-04 13:00:00+00:00,2017-03-04 13:00:00+00:00,84.2,o3,µg/m³,84.23,84.23,84.23,,84.23,0.0,mot,1,100.0,3455.0,NET-FR068A,43.587219999999995,-727.0,500.0,500.0,12.0,13,5,3,2017
8606,2017-03-04,2017-03-04 14:00:00+00:00,2017-03-04 14:00:00+00:00,,o3,µg/m³,,87.1,87.1,,87.1,0.0,mot,1,100.0,3455.0,NET-FR068A,43.587219999999995,1.443889,500.0,500.0,12.0,14,5,3,2017
8606,2017-03-04,2017-03-04 15:00:00+00:00,2017-03-04 15:00:00+00:00,,o3,µg/m³,89.48,89.48,,0.08948,89.48,0.0,uno,un,100.0,3455.0,NET-FR068A,43.587219999999995,1.443889,500.0,500.0,12.0,15,5,3,2017
8606,2017-03-04,2017-03-04 16:00:00+00:00,2017-03-04 16:00:00+00:00,90800.0,o3,µg/m³,90750.0,90750.0,90.75,90.75,90.75,0.0,1,1,100.0,3455.0,NET-FR068A,43.587219999999995,-999.0,500.0,500.0,12.0,16,5,3,2017
8606,2017-03-04,2017-03-04 17:00:00+00:00,2017-03-04 17:00:00+00:00,91.8,o3,µg/m³,91.8,91.8,91.8,,,0.0,1,1,100.0,3455.0,NET-FR068A,43.587219999999995,-727.0,500.0,500.0,12.0,17,5,3,2017
8606,2017-03-04,2017-03-04 18:00:00+00:00,2017-03-04 18:00:00+00:00,92.8,o3,µg/m³,92.75,92.75,,92.75,92.75,,1,uno,100.0,3455.0,NET-FR068A,43.587219999999995,1.443889,500.0,500.0,12.0,18,5,3,2017
8606,2017-03-04,2017-03-04 19:00:00+00:00,2017-03-04 19:00:00+00:00,88.9,o3,µg/m³,88.88,88.88,88880.0,88880.0,88880.0,0.0,one,1,100.0,3455.0,NET-FR068A,727.0,1.443889,500.0,500.0,12.0,19,5,3,2017
8606,2017-03-04,2017-03-04 20:00:00+00:00,2017-03-04 20:00:00+00:00,,o3,µg/m³,85600.0,85.6,85.6,85.6,,,1,1,100.0,3455.0,NET-FR068A,43.587219999999995,1.443889,500.0,500.0,12.0,20,5,3,2017
8606,2017-03-04,2017-03-04 21:00:00+00:00,2017-03-04 21:00:00+00:00,85.8,o3,µg/m³,85.83,,85.83,85.83,0.08583,0.0,1,1,100.0,3455.0,NET-FR068A,727.0,-999.0,500.0,500.0,12.0,21,5,3,2017
8606,2017-03-04,2017-03-04 22:00:00+00:00,2017-03-04 22:00:00+00:00,86.0,o3,µg/m³,0.08603000000000001,86.03,86.03,,86030.0,0.0,1,1,100.0,,NET-FR068A,43.587219999999995,1.443889,500.0,500.0,12.0,22,5,3,2017
8606,2017-03-04,2017-03-04 23:00:00+00:00,2017-03-04 23:00:00+00:00,83.8,o3,µg/m³,83.8,83.8,83.8,83.8,83.8,0.0,1,1,100.0,3455.0,NET-FR068A,43.587219999999995,1.443889,500.0,500.0,12.0,23,5,3,2017
8606,2017-03-05,2017-03-05 00:00:00+00:00,2017-03-05 00:00:00+00:00,,o3,cm,81.9,,81.9,81.9,81.9,0.0,1,1,100.0,3455.0,NET-FR068A,43.587219999999995,-727.0,500.0,500.0,12.0,0,6,3,2017
8606,2017-03-05,2017-03-05 01:00:00+00:00,2017-03-05 01:00:00+00:00,65400.00000000001,o3,µg/m³,65379.99999999999,65.38,65.38,65.38,65.38,0.0,un,1,100.0,,NET-FR068A,43.587219999999995,1.443889,500.0,500.0,12.0,1,6,3,2017
8606,2017-03-05,2017-03-05 02:00:00+00:00,2017-03-05 02:00:00+00:00,,o3,µg/m³,53.88,,53.88,53.88,53.88,,1,1,100.0,3455.0,NET-FR068A,43.587219999999995,1.443889,500.0,500.0,12.0,2,6,3,2017
8606,2017-03-05,2017-03-05 03:00:00+00:00,2017-03-05 03:00:00+00:00,62.5,o3,µg/m³,0.06248,62.48,62.48,62.48,62480.0,0.0,1,1,100.0,3455.0,NET-FR068A,999.0,-999.0,500.0,500.0,12.0,3,6,3,2017
8606,2017-03-05,2017-03-05 04:00:00+00:00,2017-03-05 04:00:00+00:00,64.1,o3,µg/m³,,64.1,,64.1,64.1,0.0,1,1,100.0,3455.0,NET-FR068A,43.587219999999995,1.443889,500.0,500.0,12.0,4,6,3,2017
8606,2017-03-05,2017-03-05 05:00:00+00:00,2017-03-05 05:00:00+00:00,45.8,o3,µg/m³,,0.04583,45.83,45.83,45.83,0.0,uno,1,100.0,,NET-FR068A,727.0,1.443889,500.0,500.0,12.0,5,6,3,2017
8606,2017-03-05,2017-03-05 06:00:00+00:00,2017-03-05 06:00:00+00:00,45.3,o3,µg/m³,45.3,45.3,45.3,45.3,45.3,0.0,1,1,100.0,3455.0,NET-FR068A,43.587219999999995,1.443889,500.0,500.0,12.0,6,6,3,2017
8606,2017-03-05,2017-03-05 07:00:00+00:00,2017-03-05 07:00:00+00:00,,o3,µg/m³,,48.08,48.08,48.08,48080.0,0.0,1,uno,100.0,3455.0,NET-FR068A,43.587219999999995,1.443889,500.0,500.0,12.0,7,6,3,2017
8606,2017-03-05,2017-03-05 08:00:00+00:00,2017-03-05 08:00:00+00:00,0.053700000000000005,o3,µg/m³,0.053649999999999996,0.053649999999999996,,53.65,53.65,0.0,1,1,100.0,3455.0,NET-FR068A,43.587219999999995,1.443889,500.0,500.0,12.0,8,6,3,2017
8606,2017-03-05,2017-03-05 09:00:00+00:00,2017-03-05 09:00:00+00:00,49.0,o3,µg/m³,49.03,49.03,0.049030000000000004,,49030.0,,1,1,100.0,3455.0,NET-FR068A,43.587219999999995,1.443889,500.0,500.0,12.0,9,6,3,2017
8606,2017-02-25,2017-02-25 12:00:00+00:00,2017-02-25 12:00:00+00:00,,o3,µg/m³,0.06633,0.06633,66.33,66330.0,0.06633,,1,1,100.0,3455.0,NET-FR068A,727.0,1.443889,500.0,500.0,12.0,12,5,2,2017
8606,2017-02-25,2017-02-25 14:00:00+00:00,2017-02-25 14:00:00+00:00,93.3,o3,kg,93.28,93.28,,93.28,93.28,0.0,1,1,100.0,3455.0,NET-FR068A,43.587219999999995,727.0,500.0,500.0,12.0,14,5,2,2017
8606,2017-02-25,2017-02-25 15:00:00+00:00,2017-02-25 15:00:00+00:00,0.0985,o3,µg/m³,98480.0,98.48,,98.48,0.09848000000000001,0.0,un,1,100.0,3455.0,NET-FR068A,999.0,1.443889,500.0,500.0,12.0,15,5,2,2017
8606,2017-02-25,2017-02-25 17:00:00+00:00,2017-02-25 17:00:00+00:00,103.0,o3,unknown,,,103.35,,103.35,0.0,1,1,100.0,3455.0,NET-FR068A,-727.0,1.443889,500.0,500.0,12.0,17,5,2,2017
8606,2017-02-26,2017-02-26 00:00:00+00:00,2017-02-26 00:00:00+00:00,,o3,µg/m³,,6.68,6.68,6.68,0.00668,0.0,1,1,100.0,,NET-FR068A,999.0,1.443889,500.0,500.0,12.0,0,6,2,2017
8606,2017-02-26,2017-02-26 06:00:00+00:00,2017-02-26 06:00:00+00:00,10900.0,o3,µg/m³,,,,10.9,10.9,0.0,1,1,100.0,3455.0,NET-FR068A,43.587219999999995,1.443889,500.0,500.0,12.0,6,6,2,2017
8606,2017-02-26,2017-02-26 13:00:00+00:00,2017-02-26 13:00:00+00:00,,o3,µg/m³,85.05,85.05,85.05,85.05,85.05,0.0,1,1,100.0,3455.0,NET-FR068A,43.587219999999995,1.443889,500.0,500.0,12.0,13,6,2,2017
8606,2017-02-27,2017-02-27 00:00:00+00:00,2017-02-27 00:00:00+00:00,3.9,o3,µg/m³,3.9,3.9,3.9,3.9,0.0039,0.0,1,1,100.0,3455.0,NET-FR068A,43.587219999999995,1.443889,500.0,500.0,12.0,0,0,2,2017
8606,2017-02-27,2017-02-27 15:00:00+00:00,2017-02-27 15:00:00+00:00,,o3,cm,83.95,,0.08395000000000001,83.95,83.95,,1,one,100.0,,NET-FR068A,43.587219999999995,1.443889,500.0,500.0,12.0,15,0,2,2017
8606,2017-02-27,2017-02-27 16:00:00+00:00,2017-02-27 16:00:00+00:00,86.1,o3,µg/m³,0.0861,86.1,,86.1,86.1,0.0,1,1,100.0,3455.0,NET-FR068A,-727.0,1.443889,500.0,500.0,12.0,16,0,2,2017
8606,2017-02-27,2017-02-27 22:00:00+00:00,2017-02-27 22:00:00+00:00,64.1,o3,cm,,64080.0,64.08,64.08,64080.0,0.0,1,1,100.0,3455.0,NET-FR068A,43.587219999999995,1.443889,500.0,500.0,12.0,22,0,2,2017
8606,2017-02-28,2017-02-28 14:00:00+00:00,2017-02-28 14:00:00+00:00,84.1,o3,µg/m³,84.05,84.05,84.05,,84.05,0.0,1,mot,100.0,,NET-FR068A,43.587219999999995,1.443889,500.0,500.0,12.0,14,1,2,2017
8606,2017-03-01,2017-03-01 02:00:00+00:00,2017-03-01 02:00:00+00:00,67.9,o3,µg/m³,67.93,67.93,67930.0,67.93,,0.0,1,1,100.0,3455.0,NET-FR068A,-999.0,1.443889,500.0,500.0,12.0,2,2,3,2017
8606,2017-03-01,2017-03-01 07:00:00+00:00,2017-03-01 07:00:00+00:00,39.3,o3,µg/m³,39.25,39.25,0.03925,39.25,,,1,1,100.0,3455.0,NET-FR068A,43.587219999999995,1.443889,500.0,500.0,12.0,7,2,3,2017
8606,2017-03-01,2017-03-01 10:00:00+00:00,2017-03-01 10:00:00+00:00,34.5,o3,µg/m³,34.5,,34.5,34.5,34.5,0.0,1,1,100.0,3455.0,NET-FR068A,43.587219999999995,1.443889,500.0,500.0,12.0,10,2,3,2017
8606,2017-03-01,2017-03-01 15:00:00+00:00,2017-03-01 15:00:00+00:00,79.5,o3,µg/m³,,79530.0,79530.0,79.53,0.07953,0.0,un,one,100.0,3455.0,NET-FR068A,727.0,1.443889,500.0,500.0,12.0,15,2,3,2017
8606,2017-03-01,2017-03-01 21:00:00+00:00,2017-03-01 21:00:00+00:00,5.25,o3,unknown,,5.25,5.25,5.25,5.25,,1,mot,100.0,3455.0,NET-FR068A,43.587219999999995,1.443889,500.0,500.0,12.0,21,2,3,2017
8606,2017-03-01,2017-03-01 22:00:00+00:00,2017-03-01 22:00:00+00:00,3.93,o3,µg/m³,3.93,3.93,3.93,3.93,3.93,,one,1,100.0,3455.0,NET-FR068A,727.0,1.443889,500.0,500.0,12.0,22,2,3,2017
8606,2017-03-02,2017-03-02 09:00:00+00:00,2017-03-02 09:00:00+00:00,11.6,o3,µg/m³,11580.0,11.58,,,11.58,0.0,1,1,100.0,,NET-FR068A,43.587219999999995,1.443889,500.0,500.0,12.0,9,3,3,2017
8606,2017-03-02,2017-03-02 10:00:00+00:00,2017-03-02 10:00:00+00:00,14.2,o3,µg/m³,14.15,14.15,14.15,,14.15,0.0,1,1,100.0,3455.0,NET-FR068A,43.587219999999995,1.443889,500.0,500.0,12.0,10,3,3,2017
8606,2017-03-02,2017-03-02 17:00:00+00:00,2017-03-02 17:00:00+00:00,76.5,o3,cm,76.53,76.53,76.53,76.53,,0.0,1,1,100.0,,NET-FR068A,43.587219999999995,727.0,500.0,500.0,12.0,17,3,3,2017
8606,2017-03-02,2017-03-02 18:00:00+00:00,2017-03-02 18:00:00+00:00,73.4,o3,unknown,73.35,73.35,73.35,,,,1,1,100.0,,NET-FR068A,727.0,1.443889,500.0,500.0,12.0,18,3,3,2017
8606,2017-03-03,2017-03-03 02:00:00+00:00,2017-03-03 02:00:00+00:00,68400.0,o3,µg/m³,,68.35,0.06835,68.35,,,1,uno,100.0,3455.0,NET-FR068A,727.0,1.443889,500.0,500.0,12.0,2,4,3,2017
8606,2017-03-03,2017-03-03 04:00:00+00:00,2017-03-03 04:00:00+00:00,,o3,unknown,74.4,,74400.0,74.4,74400.0,0.0,1,1,100.0,3455.0,NET-FR068A,43.587219999999995,1.443889,500.0,500.0,12.0,4,4,3,2017
8606,2017-03-03,2017-03-03 10:00:00+00:00,2017-03-03 10:00:00+00:00,68.2,o3,µg/m³,68230.0,,68230.0,0.06823,68.23,0.0,1,1,100.0,3455.0,NET-FR068A,43.587219999999995,1.443889,500.0,500.0,12.0,10,4,3,2017
8606,2017-03-03,2017-03-03 21:00:00+00:00,2017-03-03 21:00:00+00:00,87400.0,o3,µg/m³,87.43,87.43,87.43,87.43,0.08743000000000001,0.0,1,1,100.0,3455.0,NET-FR068A,43.587219999999995,1.443889,500.0,500.0,12.0,21,4,3,2017
8606,2017-03-04,2017-03-04 07:00:00+00:00,2017-03-04 07:00:00+00:00,0.0928,o3,µg/m³,92.75,92.75,92750.0,92750.0,92750.0,0.0,1,1,100.0,3455.0,NET-FR068A,43.587219999999995,999.0,500.0,500.0,12.0,7,5,3,2017
8606,2017-03-04,2017-03-04 08:00:00+00:00,2017-03-04 08:00:00+00:00,0.0889,o3,µg/m³,88.88,,88880.0,,,0.0,1,one,100.0,3455.0,NET-FR068A,43.587219999999995,1.443889,500.0,500.0,12.0,8,5,3,2017
8606,2017-03-04,2017-03-04 10:00:00+00:00,2017-03-04 10:00:00+00:00,75.8,o3,µg/m³,,75.78,0.07578,0.07578,,0.0,1,uno,100.0,3455.0,NET-FR068A,43.587219999999995,1.443889,500.0,500.0,12.0,10,5,3,2017
8606,2017-03-04,2017-03-04 12:00:00+00:00,2017-03-04 12:00:00+00:00,0.083,o3,µg/m³,82.95,82950.0,82.95,0.08295000000000001,82.95,,1,one,100.0,,NET-FR068A,43.587219999999995,1.443889,500.0,500.0,12.0,12,5,3,2017
8606,2017-03-05,2017-03-05 03:00:00+00:00,2017-03-05 03:00:00+00:00,62.5,o3,µg/m³,62.48,62.48,0.06248,62.48,62.48,0.0,1,1,100.0,3455.0,NET-FR068A,999.0,-999.0,500.0,500.0,12.0,3,6,3,2017
