sensor_id,sensor_name,parameter_id,parameter_name,parameter_units,location_id,location_name,locality,latitude,longitude,datetime_first,datetime_last
5561,o3 µg/m³,3,o3,µg/m³,2662,NET-FR068A,ATMO OCCITANIE,43.69536599999999,3.8008169999999994,,
15370,pm10 µg/m³,1,pm10,µg/m³,2662,NET-FR068A,ATMO OCCITANIE,43.69536599999999,3.8008169999999994,,
5566,o3 µg/m³,3,o3,µg/m³,2665,FR08618,,44.1427579994634,4.1388,,
5567,no2 µg/m³,5,no2,µg/m³,2666,COL_OEILLON,,45.38956220590412,4.615813424391337,,
5569,o3 µg/m³,3,o3,µg/m³,2666,COL_OEILLON,,45.38956220590412,4.615813424391337,,
5568,pm10 µg/m³,1,pm10,µg/m³,2666,COL_OEILLON,,45.38956220590412,4.615813424391337,,
5572,no2 µg/m³,5,no2,µg/m³,2668,MOULINS,,46.56186359841856,3.3310878208078036,,
5574,o3 µg/m³,3,o3,µg/m³,2668,MOULINS,,46.56186359841856,3.3310878208078036,,
5573,pm10 µg/m³,1,pm10,µg/m³,2668,MOULINS,,46.56186359841856,3.3310878208078036,,
4275113,no µg/m³,19843,no,µg/m³,2672,Chambéry Trafic,CHAMBÉRY,45.56942999992958,5.932985999967472,,
5578,no2 µg/m³,5,no2,µg/m³,2672,Chambéry Trafic,CHAMBÉRY,45.56942999992958,5.932985999967472,,
5579,pm10 µg/m³,1,pm10,µg/m³,2672,Chambéry Trafic,CHAMBÉRY,45.56942999992958,5.932985999967472,,
5656,no2 µg/m³,5,no2,µg/m³,2673,Evreux  Boulevard de Normandie,,49.020202317088426,1.1387134373027465,,
5580,pm25 µg/m³,2,pm25,µg/m³,2673,Evreux  Boulevard de Normandie,,49.020202317088426,1.1387134373027465,,
5581,o3 µg/m³,3,o3,µg/m³,2674,GARCHES,,48.846407318287696,2.1894458756788273,,
5582,o3 µg/m³,3,o3,µg/m³,2675,CACHAN,,48.79944696356195,2.330553240508322,,
4275139,no µg/m³,19843,no,µg/m³,2676,Drôme Rurale Sud-SND,SAINT-NAZAIRE-LE-DÉSERT,44.5694430002562,5.27897200043165,,
5609,no2 µg/m³,5,no2,µg/m³,2676,Drôme Rurale Sud-SND,SAINT-NAZAIRE-LE-DÉSERT,44.5694430002562,5.27897200043165,,
5622,o3 µg/m³,3,o3,µg/m³,2676,Drôme Rurale Sud-SND,SAINT-NAZAIRE-LE-DÉSERT,44.5694430002562,5.27897200043165,,
5583,pm10 µg/m³,1,pm10,µg/m³,2676,Drôme Rurale Sud-SND,SAINT-NAZAIRE-LE-DÉSERT,44.5694430002562,5.27897200043165,,
5614,pm25 µg/m³,2,pm25,µg/m³,2676,Drôme Rurale Sud-SND,SAINT-NAZAIRE-LE-DÉSERT,44.5694430002562,5.27897200043165,,
5584,pm10 µg/m³,1,pm10,µg/m³,2677,Besancon Victor Hugo,,47.23489773654806,6.029474220704546,,
4274933,no µg/m³,19843,no,µg/m³,2678,Valence Périurb. Sud,PORTES-LÈS-VALENCE,44.87024300025047,4.876288999633118,,
5585,no2 µg/m³,5,no2,µg/m³,2678,Valence Périurb. Sud,PORTES-LÈS-VALENCE,44.87024300025047,4.876288999633118,,
5590,o3 µg/m³,3,o3,µg/m³,2678,Valence Périurb. Sud,PORTES-LÈS-VALENCE,44.87024300025047,4.876288999633118,,
5595,pm10 µg/m³,1,pm10,µg/m³,2678,Valence Périurb. Sud,PORTES-LÈS-VALENCE,44.87024300025047,4.876288999633118,,
4275255,no µg/m³,19843,no,µg/m³,2679,SAINT ETIENNE SUD,SAINT-ÉTIENNE,45.420089999725384,4.395422000345383,,
8537,no2 µg/m³,5,no2,µg/m³,2679,SAINT ETIENNE SUD,SAINT-ÉTIENNE,45.420089999725384,4.395422000345383,,
8536,o3 µg/m³,3,o3,µg/m³,2679,SAINT ETIENNE SUD,SAINT-ÉTIENNE,45.420089999725384,4.395422000345383,,
8535,pm10 µg/m³,1,pm10,µg/m³,2679,SAINT ETIENNE SUD,SAINT-ÉTIENNE,45.420089999725384,4.395422000345383,,
8534,pm25 µg/m³,2,pm25,µg/m³,2679,SAINT ETIENNE SUD,SAINT-ÉTIENNE,45.420089999725384,4.395422000345383,,
5586,so2 µg/m³,6,so2,µg/m³,2679,SAINT ETIENNE SUD,SAINT-ÉTIENNE,45.420089999725384,4.395422000345383,,
7586,co µg/m³,4,co,µg/m³,2680,Lyon Périphérique,VILLEURBANNE,45.774819999808635,4.898572000411539,,
4274338,no µg/m³,19843,no,µg/m³,2680,Lyon Périphérique,VILLEURBANNE,45.774819999808635,4.898572000411539,,
5587,no2 µg/m³,5,no2,µg/m³,2680,Lyon Périphérique,VILLEURBANNE,45.774819999808635,4.898572000411539,,
5603,pm10 µg/m³,1,pm10,µg/m³,2680,Lyon Périphérique,VILLEURBANNE,45.774819999808635,4.898572000411539,,
4274492,no µg/m³,19843,no,µg/m³,2681,Place de l'Opéra,PARIS 2E ARRONDISSEMENT,48.8702740002815,2.332500000221789,,
5620,no2 µg/m³,5,no2,µg/m³,2681,Place de l'Opéra,PARIS 2E ARRONDISSEMENT,48.8702740002815,2.332500000221789,,
5588,pm10 µg/m³,1,pm10,µg/m³,2681,Place de l'Opéra,PARIS 2E ARRONDISSEMENT,48.8702740002815,2.332500000221789,,
5589,no2 µg/m³,5,no2,µg/m³,2682,FR27008,,45.3531859994632,4.804822,,
5593,pm10 µg/m³,1,pm10,µg/m³,2682,FR27008,,45.3531859994632,4.804822,,
5597,pm25 µg/m³,2,pm25,µg/m³,2682,FR27008,,45.3531859994632,4.804822,,
5591,no2 µg/m³,5,no2,µg/m³,2683,Armentieres Centre,,50.68720892625311,2.8800437166513917,,
5621,o3 µg/m³,3,o3,µg/m³,2683,Armentieres Centre,,50.68720892625311,2.8800437166513917,,
4275074,no µg/m³,19843,no,µg/m³,2684,NET-FR058A,ATMO NOUVELLE-AQUITAINE,46.143173,-0.396042,,
5624,no2 µg/m³,5,no2,µg/m³,2684,NET-FR058A,ATMO NOUVELLE-AQUITAINE,46.143173,-0.396042,,
5592,o3 µg/m³,3,o3,µg/m³,2684,NET-FR058A,ATMO NOUVELLE-AQUITAINE,46.143173,-0.396042,,
5617,pm10 µg/m³,1,pm10,µg/m³,2684,NET-FR058A,ATMO NOUVELLE-AQUITAINE,46.143173,-0.396042,,
24880,pm25 µg/m³,2,pm25,µg/m³,2684,NET-FR058A,ATMO NOUVELLE-AQUITAINE,46.143173,-0.396042,,
5626,no2 µg/m³,5,no2,µg/m³,2685,FR09402,,46.570002999464,0.323575,,
5594,pm10 µg/m³,1,pm10,µg/m³,2685,FR09402,,46.570002999464,0.323575,,
4275409,no µg/m³,19843,no,µg/m³,2686,Aytré,AYTRÉ,46.135136000077324,-1.1170860000692169,,
5601,no2 µg/m³,5,no2,µg/m³,2686,Aytré,AYTRÉ,46.135136000077324,-1.1170860000692169,,
5599,o3 µg/m³,3,o3,µg/m³,2686,Aytré,AYTRÉ,46.135136000077324,-1.1170860000692169,,
5596,pm10 µg/m³,1,pm10,µg/m³,2686,Aytré,AYTRÉ,46.135136000077324,-1.1170860000692169,,
5602,no2 µg/m³,5,no2,µg/m³,2687,Vienne Centre,,45.5259808277432,4.875408575196197,,
5600,o3 µg/m³,3,o3,µg/m³,2687,Vienne Centre,,45.5259808277432,4.875408575196197,,
5598,pm10 µg/m³,1,pm10,µg/m³,2687,Vienne Centre,,45.5259808277432,4.875408575196197,,
4274354,no µg/m³,19843,no,µg/m³,2688,FR32005,Saône-et-Loire,46.6666401423631,4.36666568034079,,
8306,no2 µg/m³,5,no2,µg/m³,2688,FR32005,Saône-et-Loire,46.6666401423631,4.36666568034079,,
8307,o3 µg/m³,3,o3,µg/m³,2688,FR32005,Saône-et-Loire,46.6666401423631,4.36666568034079,,
5604,pm10 µg/m³,1,pm10,µg/m³,2688,FR32005,Saône-et-Loire,46.6666401423631,4.36666568034079,,
1562363,pm25 µg/m³,2,pm25,µg/m³,2688,FR32005,Saône-et-Loire,46.6666401423631,4.36666568034079,,
4275216,no µg/m³,19843,no,µg/m³,2689,Besancon Mégevand,BESANÇON,47.235973000217115,6.023611000388419,,
5605,no2 µg/m³,5,no2,µg/m³,2689,Besancon Mégevand,BESANÇON,47.235973000217115,6.023611000388419,,
4274474,no µg/m³,19843,no,µg/m³,2690,St Germain/Rhône,SAINT-GERMAIN-SUR-RHÔNE,46.072224000206376,5.820833000425056,,
5606,no2 µg/m³,5,no2,µg/m³,2690,St Germain/Rhône,SAINT-GERMAIN-SUR-RHÔNE,46.072224000206376,5.820833000425056,,
5607,o3 µg/m³,3,o3,µg/m³,2690,St Germain/Rhône,SAINT-GERMAIN-SUR-RHÔNE,46.072224000206376,5.820833000425056,,
5608,pm10 µg/m³,1,pm10,µg/m³,2690,St Germain/Rhône,SAINT-GERMAIN-SUR-RHÔNE,46.072224000206376,5.820833000425056,,
5610,pm25 µg/m³,2,pm25,µg/m³,2690,St Germain/Rhône,SAINT-GERMAIN-SUR-RHÔNE,46.072224000206376,5.820833000425056,,
5613,so2 µg/m³,6,so2,µg/m³,2690,St Germain/Rhône,SAINT-GERMAIN-SUR-RHÔNE,46.072224000206376,5.820833000425056,,
5611,no2 µg/m³,5,no2,µg/m³,2691,HAUT BEAUJOLAIS,DIÈME,45.96141000007654,4.465710999551557,,
8418,o3 µg/m³,3,o3,µg/m³,2691,HAUT BEAUJOLAIS,DIÈME,45.96141000007654,4.465710999551557,,
5612,no2 µg/m³,5,no2,µg/m³,2692,ST JUST,,45.75534881245441,4.8203328651268285,,
5625,o3 µg/m³,3,o3,µg/m³,2692,ST JUST,,45.75534881245441,4.8203328651268285,,
5079069,no µg/m³,19843,no,µg/m³,2693,Montbéliard centre,MONTBÉLIARD,47.5103069998648,6.793999999555329,,
5078760,no2 µg/m³,5,no2,µg/m³,2693,Montbéliard centre,MONTBÉLIARD,47.5103069998648,6.793999999555329,,
5078640,o3 µg/m³,3,o3,µg/m³,2693,Montbéliard centre,MONTBÉLIARD,47.5103069998648,6.793999999555329,,
5078403,pm10 µg/m³,1,pm10,µg/m³,2693,Montbéliard centre,MONTBÉLIARD,47.5103069998648,6.793999999555329,,
5078386,pm25 µg/m³,2,pm25,µg/m³,2693,Montbéliard centre,MONTBÉLIARD,47.5103069998648,6.793999999555329,,
5618,pm10 µg/m³,1,pm10,µg/m³,2694,La Léchère,LÉCHÈRE,45.53583000025122,6.471111000119015,,
7417,co µg/m³,4,co,µg/m³,2695,St Omer Ribot,SAINT-OMER,50.74823000023542,2.2597799999566677,,
4274980,no µg/m³,19843,no,µg/m³,2695,St Omer Ribot,SAINT-OMER,50.74823000023542,2.2597799999566677,,
8282,no2 µg/m³,5,no2,µg/m³,2695,St Omer Ribot,SAINT-OMER,50.74823000023542,2.2597799999566677,,
8275,o3 µg/m³,3,o3,µg/m³,2695,St Omer Ribot,SAINT-OMER,50.74823000023542,2.2597799999566677,,
8274,pm10 µg/m³,1,pm10,µg/m³,2695,St Omer Ribot,SAINT-OMER,50.74823000023542,2.2597799999566677,,
5619,so2 µg/m³,6,so2,µg/m³,2695,St Omer Ribot,SAINT-OMER,50.74823000023542,2.2597799999566677,,
4274809,no µg/m³,19843,no,µg/m³,2696,LYON Centre,LYON 3E ARRONDISSEMENT,45.757731999933235,4.854214000165473,,
8556,no2 µg/m³,5,no2,µg/m³,2696,LYON Centre,LYON 3E ARRONDISSEMENT,45.757731999933235,4.854214000165473,,
8557,o3 µg/m³,3,o3,µg/m³,2696,LYON Centre,LYON 3E ARRONDISSEMENT,45.757731999933235,4.854214000165473,,
8558,pm10 µg/m³,1,pm10,µg/m³,2696,LYON Centre,LYON 3E ARRONDISSEMENT,45.757731999933235,4.854214000165473,,
8559,pm25 µg/m³,2,pm25,µg/m³,2696,LYON Centre,LYON 3E ARRONDISSEMENT,45.757731999933235,4.854214000165473,,
5623,so2 µg/m³,6,so2,µg/m³,2696,LYON Centre,LYON 3E ARRONDISSEMENT,45.757731999933235,4.854214000165473,,
5629,no2 µg/m³,5,no2,µg/m³,2697,FR37002,,16.2386999997104,-61.5381,,
5628,o3 µg/m³,3,o3,µg/m³,2697,FR37002,,16.2386999997104,-61.5381,,
5630,no2 µg/m³,5,no2,µg/m³,2698,FR01022,,49.1311139994689,6.207225,,
5632,pm10 µg/m³,1,pm10,µg/m³,2698,FR01022,,49.1311139994689,6.207225,,
5631,so2 µg/m³,6,so2,µg/m³,2698,FR01022,,49.1311139994689,6.207225,,
15365,co µg/m³,4,co,µg/m³,2699,FR30036,Meurthe-et-Moselle,48.6963231696882,6.14612046034746,,
4275518,no µg/m³,19843,no,µg/m³,2699,FR30036,Meurthe-et-Moselle,48.6963231696882,6.14612046034746,,
5645,no2 µg/m³,5,no2,µg/m³,2699,FR30036,Meurthe-et-Moselle,48.6963231696882,6.14612046034746,,
5633,pm25 µg/m³,2,pm25,µg/m³,2699,FR30036,Meurthe-et-Moselle,48.6963231696882,6.14612046034746,,
4275212,no µg/m³,19843,no,µg/m³,2702,Saint Brieuc Balzac,SAINT-BRIEUC,48.51351000028169,-2.7495299998128857,,
9730,no2 µg/m³,5,no2,µg/m³,2702,Saint Brieuc Balzac,SAINT-BRIEUC,48.51351000028169,-2.7495299998128857,,
5638,o3 µg/m³,3,o3,µg/m³,2702,Saint Brieuc Balzac,SAINT-BRIEUC,48.51351000028169,-2.7495299998128857,,
9704,pm10 µg/m³,1,pm10,µg/m³,2702,Saint Brieuc Balzac,SAINT-BRIEUC,48.51351000028169,-2.7495299998128857,,
1562236,pm25 µg/m³,2,pm25,µg/m³,2702,Saint Brieuc Balzac,SAINT-BRIEUC,48.51351000028169,-2.7495299998128857,,
4274740,no µg/m³,19843,no,µg/m³,2704,Saint-Lô Eglise,SAINT-LÔ,49.11639000009266,-1.084722000069518,,
5650,no2 µg/m³,5,no2,µg/m³,2704,Saint-Lô Eglise,SAINT-LÔ,49.11639000009266,-1.084722000069518,,
5646,o3 µg/m³,3,o3,µg/m³,2704,Saint-Lô Eglise,SAINT-LÔ,49.11639000009266,-1.084722000069518,,
5640,pm10 µg/m³,1,pm10,µg/m³,2704,Saint-Lô Eglise,SAINT-LÔ,49.11639000009266,-1.084722000069518,,
9774,no2 µg/m³,5,no2,µg/m³,2705,FR02005,,43.4051999994639,5.0515,,
5641,pm10 µg/m³,1,pm10,µg/m³,2705,FR02005,,43.4051999994639,5.0515,,
5666,so2 µg/m³,6,so2,µg/m³,2705,FR02005,,43.4051999994639,5.0515,,
5642,so2 µg/m³,6,so2,µg/m³,2706,La Fare les Oliviers,,43.53830753310573,5.185282432453225,,
4275240,no µg/m³,19843,no,µg/m³,2707,Evreux Centre,ÉVREUX,49.02133999977332,1.1483189995666427,,
9837,no2 µg/m³,5,no2,µg/m³,2707,Evreux Centre,ÉVREUX,49.02133999977332,1.1483189995666427,,
9838,o3 µg/m³,3,o3,µg/m³,2707,Evreux Centre,ÉVREUX,49.02133999977332,1.1483189995666427,,
9841,pm10 µg/m³,1,pm10,µg/m³,2707,Evreux Centre,ÉVREUX,49.02133999977332,1.1483189995666427,,
2021027,pm25 µg/m³,2,pm25,µg/m³,2707,Evreux Centre,ÉVREUX,49.02133999977332,1.1483189995666427,,
5643,so2 µg/m³,6,so2,µg/m³,2707,Evreux Centre,ÉVREUX,49.02133999977332,1.1483189995666427,,
4275085,no µg/m³,19843,no,µg/m³,2708,Alençon Météo-France,CERISÉ,48.445553000017455,0.11083299979257102,,
5669,no2 µg/m³,5,no2,µg/m³,2708,Alençon Météo-France,CERISÉ,48.445553000017455,0.11083299979257102,,
5644,o3 µg/m³,3,o3,µg/m³,2708,Alençon Météo-France,CERISÉ,48.445553000017455,0.11083299979257102,,
7954,pm10 µg/m³,1,pm10,µg/m³,2708,Alençon Météo-France,CERISÉ,48.445553000017455,0.11083299979257102,,
2021026,pm25 µg/m³,2,pm25,µg/m³,2708,Alençon Météo-France,CERISÉ,48.445553000017455,0.11083299979257102,,
5078490,pm10 µg/m³,1,pm10,µg/m³,2710,Pont-à-Mousson,PONT-À-MOUSSON,48.9149999999374,6.058336000228552,,
5657,co µg/m³,4,co,µg/m³,2711,Rouen Le Conquerant,,49.44144474872934,1.0826585635736885,,
5649,no2 µg/m³,5,no2,µg/m³,2711,Rouen Le Conquerant,,49.44144474872934,1.0826585635736885,,
5659,pm10 µg/m³,1,pm10,µg/m³,2711,Rouen Le Conquerant,,49.44144474872934,1.0826585635736885,,
5664,pm25 µg/m³,2,pm25,µg/m³,2711,Rouen Le Conquerant,,49.44144474872934,1.0826585635736885,,
5651,no2 µg/m³,5,no2,µg/m³,2712,Fléville,FLÉVILLE-DEVANT-NANCY,48.621502000002444,6.19492199960431,,
5668,pm10 µg/m³,1,pm10,µg/m³,2712,Fléville,FLÉVILLE-DEVANT-NANCY,48.621502000002444,6.19492199960431,,
5652,o3 µg/m³,3,o3,µg/m³,2713,Fillé,SPAY,47.921925000284276,0.1518950004128272,,
5663,no2 µg/m³,5,no2,µg/m³,2714,FR07039,,45.7747754785278,3.06296765795665,,
5653,pm10 µg/m³,1,pm10,µg/m³,2714,FR07039,,45.7747754785278,3.06296765795665,,
4275531,no µg/m³,19843,no,µg/m³,2715,C.C.3 Frontières,VILLAGE-NEUF,47.59491299999957,7.568174999691131,,
5654,no2 µg/m³,5,no2,µg/m³,2715,C.C.3 Frontières,VILLAGE-NEUF,47.59491299999957,7.568174999691131,,
5665,o3 µg/m³,3,o3,µg/m³,2715,C.C.3 Frontières,VILLAGE-NEUF,47.59491299999957,7.568174999691131,,
5660,pm10 µg/m³,1,pm10,µg/m³,2715,C.C.3 Frontières,VILLAGE-NEUF,47.59491299999957,7.568174999691131,,
5655,pm10 µg/m³,1,pm10,µg/m³,2716,FR01015,,48.8847000397831,6.05139311363706,,
5658,o3 µg/m³,3,o3,µg/m³,2717,Fécamp,FÉCAMP,49.74999999985526,0.41589999981205017,,
5662,o3 µg/m³,3,o3,µg/m³,2718,Sembadel,,45.27475343081479,3.68791661796576,,
5667,o3 µg/m³,3,o3,µg/m³,2719,FR03064,Var,43.1322279826256,5.99220311956643,,
4442228,pm25 µg/m³,2,pm25,µg/m³,2719,FR03064,Var,43.1322279826256,5.99220311956643,,
4275188,no µg/m³,19843,no,µg/m³,2720,Montpellier Prés d'Arènes,MONTPELLIER,43.591500000324274,3.886809999908339,,
5673,no2 µg/m³,5,no2,µg/m³,2720,Montpellier Prés d'Arènes,MONTPELLIER,43.591500000324274,3.886809999908339,,
5670,o3 µg/m³,3,o3,µg/m³,2720,Montpellier Prés d'Arènes,MONTPELLIER,43.591500000324274,3.886809999908339,,
5671,pm10 µg/m³,1,pm10,µg/m³,2720,Montpellier Prés d'Arènes,MONTPELLIER,43.591500000324274,3.886809999908339,,
5672,pm25 µg/m³,2,pm25,µg/m³,2720,Montpellier Prés d'Arènes,MONTPELLIER,43.591500000324274,3.886809999908339,,
7418,co µg/m³,4,co,µg/m³,3374,St Pol/mer Nord,,51.033829767865704,2.33519753052722,,
7689,no2 µg/m³,5,no2,µg/m³,3374,St Pol/mer Nord,,51.033829767865704,2.33519753052722,,
7687,o3 µg/m³,3,o3,µg/m³,3374,St Pol/mer Nord,,51.033829767865704,2.33519753052722,,
7685,pm10 µg/m³,1,pm10,µg/m³,3374,St Pol/mer Nord,,51.033829767865704,2.33519753052722,,
7688,so2 µg/m³,6,so2,µg/m³,3374,St Pol/mer Nord,,51.033829767865704,2.33519753052722,,
7420,co µg/m³,4,co,µg/m³,3375,Outreau,OUTREAU,50.69434999996249,1.5765700000004375,,
4275601,no µg/m³,19843,no,µg/m³,3375,Outreau,OUTREAU,50.69434999996249,1.5765700000004375,,
7932,no2 µg/m³,5,no2,µg/m³,3375,Outreau,OUTREAU,50.69434999996249,1.5765700000004375,,
8253,o3 µg/m³,3,o3,µg/m³,3375,Outreau,OUTREAU,50.69434999996249,1.5765700000004375,,
8255,pm10 µg/m³,1,pm10,µg/m³,3375,Outreau,OUTREAU,50.69434999996249,1.5765700000004375,,
7683,co µg/m³,4,co,µg/m³,3441,FR12045,,43.09499699946431,-0.051944,,
7962,no2 µg/m³,5,no2,µg/m³,3441,FR12045,,43.09499699946431,-0.051944,,
7923,pm25 µg/m³,2,pm25,µg/m³,3441,FR12045,,43.09499699946431,-0.051944,,
4275305,no µg/m³,19843,no,µg/m³,3446,NET-FR068A,ATMO OCCITANIE,43.609974,3.898611,,
7692,no2 µg/m³,5,no2,µg/m³,3446,NET-FR068A,ATMO OCCITANIE,43.609974,3.898611,,
15373,pm10 µg/m³,1,pm10,µg/m³,3446,NET-FR068A,ATMO OCCITANIE,43.609974,3.898611,,
15374,pm25 µg/m³,2,pm25,µg/m³,3446,NET-FR068A,ATMO OCCITANIE,43.609974,3.898611,,
4274728,no µg/m³,19843,no,µg/m³,3447,Kalou,MATOURY,4.84815999961769,-52.32380000027769,,
9500,no2 µg/m³,5,no2,µg/m³,3447,Kalou,MATOURY,4.84815999961769,-52.32380000027769,,
9501,o3 µg/m³,3,o3,µg/m³,3447,Kalou,MATOURY,4.84815999961769,-52.32380000027769,,
7693,pm10 µg/m³,1,pm10,µg/m³,3447,Kalou,MATOURY,4.84815999961769,-52.32380000027769,,
7807,so2 µg/m³,6,so2,µg/m³,3447,Kalou,MATOURY,4.84815999961769,-52.32380000027769,,
4275458,no µg/m³,19843,no,µg/m³,3452,ANNECY Rocade,ANNECY,45.90969999998834,6.118249999587261,,
8340,no2 µg/m³,5,no2,µg/m³,3452,ANNECY Rocade,ANNECY,45.90969999998834,6.118249999587261,,
7701,pm10 µg/m³,1,pm10,µg/m³,3452,ANNECY Rocade,ANNECY,45.90969999998834,6.118249999587261,,
4274811,no µg/m³,19843,no,µg/m³,3453,Jean d Aulan,REIMS,49.2241669997297,4.020555999767868,,
8427,no2 µg/m³,5,no2,µg/m³,3453,Jean d Aulan,REIMS,49.2241669997297,4.020555999767868,,
8423,o3 µg/m³,3,o3,µg/m³,3453,Jean d Aulan,REIMS,49.2241669997297,4.020555999767868,,
7828,pm10 µg/m³,1,pm10,µg/m³,3453,Jean d Aulan,REIMS,49.2241669997297,4.020555999767868,,
7702,pm25 µg/m³,2,pm25,µg/m³,3453,Jean d Aulan,REIMS,49.2241669997297,4.020555999767868,,
8417,so2 µg/m³,6,so2,µg/m³,3453,Jean d Aulan,REIMS,49.2241669997297,4.020555999767868,,
4274576,no µg/m³,19843,no,µg/m³,3454,NET-FR068A,ATMO OCCITANIE,43.630280000000006,0.179722,,
7969,no2 µg/m³,5,no2,µg/m³,3454,NET-FR068A,ATMO OCCITANIE,43.630280000000006,0.179722,,
7971,o3 µg/m³,3,o3,µg/m³,3454,NET-FR068A,ATMO OCCITANIE,43.630280000000006,0.179722,,
7805,pm10 µg/m³,1,pm10,µg/m³,3454,NET-FR068A,ATMO OCCITANIE,43.630280000000006,0.179722,,
7703,pm25 µg/m³,2,pm25,µg/m³,3454,NET-FR068A,ATMO OCCITANIE,43.630280000000006,0.179722,,
4275003,no µg/m³,19843,no,µg/m³,3455,NET-FR068A,ATMO OCCITANIE,43.587219999999995,1.443889,,
8605,no2 µg/m³,5,no2,µg/m³,3455,NET-FR068A,ATMO OCCITANIE,43.587219999999995,1.443889,,
8606,o3 µg/m³,3,o3,µg/m³,3455,NET-FR068A,ATMO OCCITANIE,43.587219999999995,1.443889,,
8607,pm10 µg/m³,1,pm10,µg/m³,3455,NET-FR068A,ATMO OCCITANIE,43.587219999999995,1.443889,,
7704,pm25 µg/m³,2,pm25,µg/m³,3455,NET-FR068A,ATMO OCCITANIE,43.587219999999995,1.443889,,
8608,so2 µg/m³,6,so2,µg/m³,3455,NET-FR068A,ATMO OCCITANIE,43.587219999999995,1.443889,,
7705,pm10 µg/m³,1,pm10,µg/m³,3456,NET-FR068A,ATMO OCCITANIE,43.803889999999996,1.595833,,
4275499,no µg/m³,19843,no,µg/m³,3457,Paray le Fresil,PARAY-LE-FRÉSIL,46.652667999845924,3.600667000393966,,
8617,no2 µg/m³,5,no2,µg/m³,3457,Paray le Fresil,PARAY-LE-FRÉSIL,46.652667999845924,3.600667000393966,,
8579,o3 µg/m³,3,o3,µg/m³,3457,Paray le Fresil,PARAY-LE-FRÉSIL,46.652667999845924,3.600667000393966,,
8572,pm10 µg/m³,1,pm10,µg/m³,3457,Paray le Fresil,PARAY-LE-FRÉSIL,46.652667999845924,3.600667000393966,,
7708,pm25 µg/m³,2,pm25,µg/m³,3457,Paray le Fresil,PARAY-LE-FRÉSIL,46.652667999845924,3.600667000393966,,
7714,pm10 µg/m³,1,pm10,µg/m³,3461,Gd Couronne Mairie,GRAND-COURONNE,49.358214999834985,1.0078530004089747,,
20610,no2 µg/m³,5,no2,µg/m³,3462,FR02013,Bouches-du-Rhône,43.4588738424815,4.93416737793045,,
9814,o3 µg/m³,3,o3,µg/m³,3462,FR02013,Bouches-du-Rhône,43.4588738424815,4.93416737793045,,
7715,pm10 µg/m³,1,pm10,µg/m³,3462,FR02013,Bouches-du-Rhône,43.4588738424815,4.93416737793045,,
1313925,pm25 µg/m³,2,pm25,µg/m³,3462,FR02013,Bouches-du-Rhône,43.4588738424815,4.93416737793045,,
7717,so2 µg/m³,6,so2,µg/m³,3462,FR02013,Bouches-du-Rhône,43.4588738424815,4.93416737793045,,
7716,pm10 µg/m³,1,pm10,µg/m³,3463,Neuves-Maisons,NEUVES-MAISONS,48.614913999968756,6.107672000248521,,
4274868,no µg/m³,19843,no,µg/m³,3464,Centre Penitencier,LE PORT,-20.949799999873,55.313828000119315,,
24288,no2 µg/m³,5,no2,µg/m³,3464,Centre Penitencier,LE PORT,-20.949799999873,55.313828000119315,,
7718,so2 µg/m³,6,so2,µg/m³,3464,Centre Penitencier,LE PORT,-20.949799999873,55.313828000119315,,
4275125,no µg/m³,19843,no,µg/m³,3465,Ecole La Marine,SAINTE-SUZANNE,-20.91058500035716,55.61897700015456,,
7720,no2 µg/m³,5,no2,µg/m³,3465,Ecole La Marine,SAINTE-SUZANNE,-20.91058500035716,55.61897700015456,,
7719,o3 µg/m³,3,o3,µg/m³,3465,Ecole La Marine,SAINTE-SUZANNE,-20.91058500035716,55.61897700015456,,
7721,so2 µg/m³,6,so2,µg/m³,3465,Ecole La Marine,SAINTE-SUZANNE,-20.91058500035716,55.61897700015456,,
4275061,no µg/m³,19843,no,µg/m³,3466,Sarda Garriga,SAINT-LOUIS,-21.277074999934275,55.40306500012004,,
7722,no2 µg/m³,5,no2,µg/m³,3466,Sarda Garriga,SAINT-LOUIS,-21.277074999934275,55.40306500012004,,
7723,so2 µg/m³,6,so2,µg/m³,3466,Sarda Garriga,SAINT-LOUIS,-21.277074999934275,55.40306500012004,,
7724,so2 µg/m³,6,so2,µg/m³,3467,Thann,THANN,47.810932000300355,7.1055530003178475,,
7793,co µg/m³,4,co,µg/m³,3468,Grande-synthe,GRANDE-SYNTHE,51.02446000023847,2.302149999732888,,
4275078,no µg/m³,19843,no,µg/m³,3468,Grande-synthe,GRANDE-SYNTHE,51.02446000023847,2.302149999732888,,
7790,no2 µg/m³,5,no2,µg/m³,3468,Grande-synthe,GRANDE-SYNTHE,51.02446000023847,2.302149999732888,,
7725,pm10 µg/m³,1,pm10,µg/m³,3468,Grande-synthe,GRANDE-SYNTHE,51.02446000023847,2.302149999732888,,
15290412,pm25 µg/m³,2,pm25,µg/m³,3468,Grande-synthe,GRANDE-SYNTHE,51.02446000023847,2.302149999732888,,
7788,so2 µg/m³,6,so2,µg/m³,3468,Grande-synthe,GRANDE-SYNTHE,51.02446000023847,2.302149999732888,,
8180,pm10 µg/m³,1,pm10,µg/m³,3469,Malo-les-Bains,DUNKERQUE,51.048579999979886,2.4200400000058053,,
8181,pm25 µg/m³,2,pm25,µg/m³,3469,Malo-les-Bains,DUNKERQUE,51.048579999979886,2.4200400000058053,,
7726,so2 µg/m³,6,so2,µg/m³,3469,Malo-les-Bains,DUNKERQUE,51.048579999979886,2.4200400000058053,,
7772,no2 µg/m³,5,no2,µg/m³,3470,AMPERE,DONGES,47.324096999979076,-2.081567000071128,,
7727,so2 µg/m³,6,so2,µg/m³,3470,AMPERE,DONGES,47.324096999979076,-2.081567000071128,,
7728,pm10 µg/m³,1,pm10,µg/m³,3471,FR02009,Bouches-du-Rhône,43.4002906312612,4.79639276280504,,
7758,so2 µg/m³,6,so2,µg/m³,3471,FR02009,Bouches-du-Rhône,43.4002906312612,4.79639276280504,,
9889,o3 µg/m³,3,o3,µg/m³,3472,FR02020,Bouches-du-Rhône,43.510559975903,5.21972384044637,,
7729,pm10 µg/m³,1,pm10,µg/m³,3472,FR02020,Bouches-du-Rhône,43.510559975903,5.21972384044637,,
24599,pm25 µg/m³,2,pm25,µg/m³,3472,FR02020,Bouches-du-Rhône,43.510559975903,5.21972384044637,,
7741,so2 µg/m³,6,so2,µg/m³,3472,FR02020,Bouches-du-Rhône,43.510559975903,5.21972384044637,,
4274705,no µg/m³,19843,no,µg/m³,3474,Mardyck,DUNKERQUE,51.01943000002197,2.250990000172918,,
7739,no2 µg/m³,5,no2,µg/m³,3474,Mardyck,DUNKERQUE,51.01943000002197,2.250990000172918,,
7731,pm10 µg/m³,1,pm10,µg/m³,3474,Mardyck,DUNKERQUE,51.01943000002197,2.250990000172918,,
7738,so2 µg/m³,6,so2,µg/m³,3474,Mardyck,DUNKERQUE,51.01943000002197,2.250990000172918,,
7732,pm10 µg/m³,1,pm10,µg/m³,3475,FR02029,Bouches-du-Rhône,43.3995726680061,5.11471976688564,,
7747,so2 µg/m³,6,so2,µg/m³,3475,FR02029,Bouches-du-Rhône,43.3995726680061,5.11471976688564,,
7733,pm10 µg/m³,1,pm10,µg/m³,3476,Gravelines PC/Drire,GRAVELINES,50.98106000001642,2.1431700001489395,,
24878,so2 µg/m³,6,so2,µg/m³,3476,Gravelines PC/Drire,GRAVELINES,50.98106000001642,2.1431700001489395,,
7735,so2 µg/m³,6,so2,µg/m³,3478,Lillebonne,LILLEBONNE,49.512145999765295,0.5390359996474741,,
24890,co µg/m³,4,co,µg/m³,3479,Gonfreville l Orcher,GONFREVILLE-L'ORCHER,49.50273000006004,0.232485999671531,,
4274718,no µg/m³,19843,no,µg/m³,3479,Gonfreville l Orcher,GONFREVILLE-L'ORCHER,49.50273000006004,0.232485999671531,,
24889,no2 µg/m³,5,no2,µg/m³,3479,Gonfreville l Orcher,GONFREVILLE-L'ORCHER,49.50273000006004,0.232485999671531,,
24888,pm10 µg/m³,1,pm10,µg/m³,3479,Gonfreville l Orcher,GONFREVILLE-L'ORCHER,49.50273000006004,0.232485999671531,,
14126423,pm25 µg/m³,2,pm25,µg/m³,3479,Gonfreville l Orcher,GONFREVILLE-L'ORCHER,49.50273000006004,0.232485999671531,,
7736,so2 µg/m³,6,so2,µg/m³,3479,Gonfreville l Orcher,GONFREVILLE-L'ORCHER,49.50273000006004,0.232485999671531,,
9112,no2 µg/m³,5,no2,µg/m³,3480,FR02019,,43.45722199946389,5.244303,,
9108,o3 µg/m³,3,o3,µg/m³,3480,FR02019,,43.45722199946389,5.244303,,
7737,so2 µg/m³,6,so2,µg/m³,3480,FR02019,,43.45722199946389,5.244303,,
5078323,so2 µg/m³,6,so2,µg/m³,3481,La Cerlangue,LA CERLANGUE,49.50403599998655,0.4115940000577919,,
7678122,o3 µg/m³,3,o3,µg/m³,3482,Rogerville Mairie,ROGERVILLE,49.50361999999659,0.266871999577949,,
7742,so2 µg/m³,6,so2,µg/m³,3482,Rogerville Mairie,ROGERVILLE,49.50361999999659,0.266871999577949,,
5078542,so2 µg/m³,6,so2,µg/m³,3483,Tancarville Mairie,TANCARVILLE,49.487681999856584,0.4517560001544555,,
7744,pm10 µg/m³,1,pm10,µg/m³,3484,PEILLON,PEILLON,43.786582999679794,7.373282999688281,,
1290017,pm25 µg/m³,2,pm25,µg/m³,3484,PEILLON,PEILLON,43.786582999679794,7.373282999688281,,
4275512,no µg/m³,19843,no,µg/m³,3485,Heming,HÉMING,48.6947249998427,6.965274999684525,,
7745,no2 µg/m³,5,no2,µg/m³,3485,Heming,HÉMING,48.6947249998427,6.965274999684525,,
7897,pm10 µg/m³,1,pm10,µg/m³,3485,Heming,HÉMING,48.6947249998427,6.965274999684525,,
7748,so2 µg/m³,6,so2,µg/m³,3485,Heming,HÉMING,48.6947249998427,6.965274999684525,,
7746,so2 µg/m³,6,so2,µg/m³,3486,FR02003,,43.3869439994639,5.160278,,
7750,so2 µg/m³,6,so2,µg/m³,3488,CUTULLIC2,PAIMBŒUF,47.28611400009877,-2.032288999777477,,
7751,so2 µg/m³,6,so2,µg/m³,3489,PASTEUR,DONGES,47.31728400022854,-2.07330600019189,,
4275467,no µg/m³,19843,no,µg/m³,3490,FR24023,Alpes-Maritimes,43.7933622306242,7.33139357882613,,
7753,no2 µg/m³,5,no2,µg/m³,3490,FR24023,Alpes-Maritimes,43.7933622306242,7.33139357882613,,
7752,pm10 µg/m³,1,pm10,µg/m³,3490,FR24023,Alpes-Maritimes,43.7933622306242,7.33139357882613,,
4275482,no µg/m³,19843,no,µg/m³,3491,Atton,ATTON,48.88638699976619,6.0936109998895915,,
7754,no2 µg/m³,5,no2,µg/m³,3491,Atton,ATTON,48.88638699976619,6.0936109998895915,,
7755,pm10 µg/m³,1,pm10,µg/m³,3491,Atton,ATTON,48.88638699976619,6.0936109998895915,,
7756,so2 µg/m³,6,so2,µg/m³,3491,Atton,ATTON,48.88638699976619,6.0936109998895915,,
7757,so2 µg/m³,6,so2,µg/m³,3492,SAVENAY,SAVENAY,47.36074999970067,-1.9547499997471107,,
7759,so2 µg/m³,6,so2,µg/m³,3493,Dunkerque Port,,51.05207295693919,2.3537836737556526,,
4275105,no µg/m³,19843,no,µg/m³,3494,FROSSAY,FROSSAY,47.24746999974683,-1.9366189996354755,,
7761,no2 µg/m³,5,no2,µg/m³,3494,FROSSAY,FROSSAY,47.24746999974683,-1.9366189996354755,,
7762,pm10 µg/m³,1,pm10,µg/m³,3494,FROSSAY,FROSSAY,47.24746999974683,-1.9366189996354755,,
7798262,pm25 µg/m³,2,pm25,µg/m³,3494,FROSSAY,FROSSAY,47.24746999974683,-1.9366189996354755,,
7763,so2 µg/m³,6,so2,µg/m³,3494,FROSSAY,FROSSAY,47.24746999974683,-1.9366189996354755,,
7764,so2 µg/m³,6,so2,µg/m³,3495,FR02011,Bouches-du-Rhône,43.4374825389185,4.94360867156655,,
7765,no2 µg/m³,5,no2,µg/m³,3496,FR05054,,49.4810859994699,0.165289,,
7766,pm10 µg/m³,1,pm10,µg/m³,3496,FR05054,,49.4810859994699,0.165289,,
7767,so2 µg/m³,6,so2,µg/m³,3496,FR05054,,49.4810859994699,0.165289,,
4275476,no µg/m³,19843,no,µg/m³,3497,NET-FR035A,AIR PAYS DE LA LOIRE,47.32282599999999,-2.039853,,
7769,no2 µg/m³,5,no2,µg/m³,3497,NET-FR035A,AIR PAYS DE LA LOIRE,47.32282599999999,-2.039853,,
1562198,pm10 µg/m³,1,pm10,µg/m³,3497,NET-FR035A,AIR PAYS DE LA LOIRE,47.32282599999999,-2.039853,,
1562200,pm25 µg/m³,2,pm25,µg/m³,3497,NET-FR035A,AIR PAYS DE LA LOIRE,47.32282599999999,-2.039853,,
7768,so2 µg/m³,6,so2,µg/m³,3497,NET-FR035A,AIR PAYS DE LA LOIRE,47.32282599999999,-2.039853,,
7771,pm10 µg/m³,1,pm10,µg/m³,3498,FR01009,,49.2713919994693,6.1325,,
7770,so2 µg/m³,6,so2,µg/m³,3498,FR01009,,49.2713919994693,6.1325,,
7774,o3 µg/m³,3,o3,µg/m³,3500,FR02021,Bouches-du-Rhône,43.3313927085815,5.11777403885164,,
7775,so2 µg/m³,6,so2,µg/m³,3500,FR02021,Bouches-du-Rhône,43.3313927085815,5.11777403885164,,
4275420,no µg/m³,19843,no,µg/m³,3501,PARSCAU DU PLESSIS,DONGES,47.319157000232174,-2.0669530004165564,,
1314202,no2 µg/m³,5,no2,µg/m³,3501,PARSCAU DU PLESSIS,DONGES,47.319157000232174,-2.0669530004165564,,
7777,pm10 µg/m³,1,pm10,µg/m³,3501,PARSCAU DU PLESSIS,DONGES,47.319157000232174,-2.0669530004165564,,
1562199,pm25 µg/m³,2,pm25,µg/m³,3501,PARSCAU DU PLESSIS,DONGES,47.319157000232174,-2.0669530004165564,,
7776,so2 µg/m³,6,so2,µg/m³,3501,PARSCAU DU PLESSIS,DONGES,47.319157000232174,-2.0669530004165564,,
7778,no2 µg/m³,5,no2,µg/m³,3502,SMVO Rieux,,49.29789536067849,2.5174477353693883,,
7779,pm10 µg/m³,1,pm10,µg/m³,3502,SMVO Rieux,,49.29789536067849,2.5174477353693883,,
7780,so2 µg/m³,6,so2,µg/m³,3502,SMVO Rieux,,49.29789536067849,2.5174477353693883,,
7781,no2 µg/m³,5,no2,µg/m³,3503,FR23153,,47.3315476635576,-2.1516268022174,,
7782,so2 µg/m³,6,so2,µg/m³,3503,FR23153,,47.3315476635576,-2.1516268022174,,
4274473,no µg/m³,19843,no,µg/m³,3505,JULES VERNE,TRIGNAC,47.31572700030015,-2.190763999746359,,
7784,no2 µg/m³,5,no2,µg/m³,3505,JULES VERNE,TRIGNAC,47.31572700030015,-2.190763999746359,,